,accdate,Operator_ID,AccTypeCodeDescr,AccSubTypeCodeDescr,acctype,BAITFISH Code,AccPreventable,Retraining,RetrainingDate,vehbusno,vehmake,vehyear,VehNoOccupants,Drv_Age,CoDrvSex,Roadway,RoadwayLightConditions,RoadwayWeather,RoadwaySurface,Addr_Type,Neighborhood,LocAddr1,FileNumber,Longitude,Latitude,Unnamed: 25,Unnamed: 26,n_accidents_in_0.003,n_accidents_in_0.006,n_accidents_in_0.0015,n_accidents_in_0.00075,n_accidents_in_0.0005
158,2018-04-11 05:44:00,128,Collisions with other motor vehicles,Miscellaneous,03 - MVA with Vehicle,0,Non-Preventable,N,,1323,New Flyer,2012.0,9.0,55.0,M,Straight and Level,"Dark, but Lighted",Clear,Dry,Address,0,1447 St. Paul Street,18-450,-77.6258685,43.1818842,,,26,58,19,0,0
159,2015-03-08 11:12:00,270,Vehicle Following,RGRTA slows or stops to load or discharge,03 - MVA with Vehicle,0,Non-Preventable,N,,510,Gillig,2009.0,16.0,51.0,M,Straight and Level,Daylight,Cloudy,Wet,Address,Central Business District,921 Hudson ave,15-466,-77.59942579999999,43.1818721,,,56,123,41,15,6
160,2014-12-10 14:33:00,242,Vehicle Following,RGRTA slows or stops to load or discharge,03 - MVA with Vehicle,0,Non-Preventable,N,,1303,New Flyer,2012.0,,48.0,M,Straight and Level,Daylight,Snow,Snow,Address,Upper Falls,1210 Clinton Ave,14-1378,-77.6130234,43.1814838,,,58,149,12,0,0
161,2017-03-24 08:18:00,164,Vehicle Passing,Vehicle on left caught by RGRTA turning left or right,03 - MVA with Vehicle,0,Non-Preventable,N,,362,New Flyer,2010.0,20.0,53.0,M,Straight and Level,Daylight,Rain,Wet,Address,0,835 Portland Avenue,17-280,-77.5874959,43.1812245,,,18,51,9,4,4
162,2018-01-09 16:50:00,275,Collisions with other motor vehicles,Miscellaneous,03 - MVA with Vehicle,0,Non-Preventable,N,,1332,New Flyer,2012.0,,40.0,M,Straight and Level,Dusk,Clear,Slush,Address,0,1376 St Paul St,18-026,-77.625182,43.181134,,,34,66,25,12,12
163,2017-09-28 07:00:00,372,Collisions with other motor vehicles,Miscellaneous,03 - MVA with Vehicle,0,Non-Preventable,N,,725,Gillig,2005.0,,29.0,M,Straight and Level,Daylight,Cloudy,Dry,Address,Central Business District,258 Driving Park Avenue,17-1292,-77.636954,43.1809359,,,47,156,7,5,4
164,2016-03-16 07:48:00,84,Vehicle Passing,Vehicle cuts in and scrapes RGRTA on left side,03 - MVA with Vehicle,0,Non-Preventable,N,,739,Gillig,2005.0,15.0,65.0,M,Straight and Level,Daylight,Rain,Wet,Address,Central Business District,Driving Park avenue,16-368,-77.64323069999999,43.180933,,,25,90,5,0,0
165,2016-11-22 15:58:00,146,RGRTA Passing Moving Vehicle,"RGRTA cuts in and scrapes vehicle at right front, right side or rear",03 - MVA with Vehicle,Encroachment,Preventable,Y,,1416,New Flyer,2013.0,,64.0,M,Straight and Grade,Daylight,Snow,Wet,Intersection,0,Dewey Ave. @ Driving Park,16-1430,-77.639495,43.180932,,,61,134,26,20,8
166,2017-05-18 16:50:00,364,Collisions w/Fixed Objects,Miscellaneous,04 - MVA with Fixed Object,Fixed Object,Preventable,Y,,1324,New Flyer,2012.0,,55.0,F,Straight and Level,Daylight,,Dry,Intersection,Swillburg,Dewey Ave/ Driving Pk,17-488,-77.639495,43.180932,,,61,134,26,20,8
167,2017-09-21 15:14:00,53,Collisions with other motor vehicles,Miscellaneous,03 - MVA with Vehicle,0,Non-Preventable,N,,534,Gillig,2009.0,,55.0,M,Straight and Grade,Daylight,Clear,Dry,Intersection,Brown Square,Driving Park Avenue at Dewey Avenue,17-1253,-77.639495,43.180932,,,61,134,26,20,8
168,2018-02-19 14:40:00,119,Collisions with other motor vehicles,Miscellaneous,03 - MVA with Vehicle,0,Non-Preventable,N,,390,New Flyer,2013.0,,55.0,M,Straight and Level,Daylight,Rain,Wet,Address,Maplewood,333 Driving Park Ave,18-209,-77.6389952,43.1808557,,,65,127,27,23,15
169,2017-05-26 14:44:00,351,Vehicle Passing,Vehicle cuts in and scrapes RGRTA on left side,03 - MVA with Vehicle,0,Non-Preventable,N,,378,New Flyer,2013.0,11.0,22.0,F,Straight and Level,Daylight,Cloudy,Dry,Address,0,339 Driving Park Ave,17-572,-77.63922,43.1808484,,,62,133,26,23,20
170,2017-11-26 00:08:00,318,,,03 - MVA with Vehicle,0,Non-Preventable,N,,361,New Flyer,2010.0,,46.0,M,Straight and Grade,"Dark, but Lighted",Clear,Dry,Address,Neighborhood of the Arts,844 Dewey Avenue,17-1557,-77.639325,43.1808458,,,60,135,26,20,8
171,2016-08-10 16:24:00,214,Vehicle Passing,Vehicle cuts in and scrapes RGRTA on right side,03 - MVA with Vehicle,0,Non-Preventable,N,,515,Gillig,2009.0,,58.0,M,Straight and Grade,Daylight,Clear,Dry,Address,Mayor's Heights,1920 Culver Road,16-935,-77.5602179,43.180772,,,4,37,3,1,0
172,2014-10-07 19:25:00,304,RGRTA Passing Stationary Vehicle,RGRTA scrapes motor vehicle standing along right side,03 - MVA with Vehicle,Fixed Object,Preventable,Y,2014-10-16 00:00:00,1403,New Flyer,2013.0,,39.0,M,Straight and Level,"Dark, but Lighted",Other,Dry,Address,Beechwood,864 Hudson Ave,14-1095,-77.59905069999999,43.18074379999999,,,48,112,26,20,20
173,2015-09-16 09:14:00,14,Vehicle Following,RGRTA slows or stops to load or discharge,03 - MVA with Vehicle,0,Non-Preventable,N,,1307,New Flyer,2012.0,,56.0,M,Straight and Level,Daylight,Clear,Dry,Address,0,HUDSON AVE BEFORE AVE. D,15-1402,-77.59909999999999,43.180721,,,48,114,29,20,20
174,2015-08-29 21:05:00,297,RGRTA Passing Stationary Vehicle,RGRTA collides with door of vehicle standing on right side,03 - MVA with Vehicle,0,Non-Preventable,N,,521,Gillig,2009.0,,24.0,M,Straight and Grade,,,,Address,0,862 Hudson Ave,15-1302,-77.5989682,43.1806881,,,47,112,25,20,20
175,2015-03-30 16:23:00,78,Vehicle Following,RGRTA slows or stops to load or discharge,03 - MVA with Vehicle,0,Non-Preventable,N,,913,Gillig,2011.0,2.0,64.0,M,Straight and Grade,Daylight,Cloudy,Wet,Address,Central Business District,197 DRIVING PARK,15-600,-77.6351545,43.18068239999999,,,21,183,5,4,0
176,2017-01-11 12:28:00,374,Collisions w/Fixed Objects,Miscellaneous,03 - MVA with Vehicle,Fixed Object,Preventable,Y,2017-04-20 00:00:00,1329,New Flyer,2012.0,3.0,45.0,M,Straight and Level,Daylight,Clear,Dry,Address,West Irondequoit,860 Hudson Ave,17-048,-77.5985826,43.1806661,,,46,112,22,1,0
177,2015-02-02 15:37:00,246,Vehicle Passing,Vehicle cuts in and scrapes RGRTA on left side,03 - MVA with Vehicle,0,Non-Preventable,N,,521,Gillig,2009.0,10.0,38.0,M,Straight and Level,Daylight,Snow,Snow,Address,Central Business District,"LAKE AVE, NORTH OF DRIVING PARK",15-170,-77.63216849999999,43.1806348,,,102,137,58,44,0
178,2016-07-13 12:41:00,312,Collisions w/Other Objects,"Fixed object (lamp posts, poles, etc.)",04 - MVA with Fixed Object,Fixed Object,Preventable,Y,2016-09-28 00:00:00,920,Gillig,2011.0,10.0,27.0,M,Straight and Level,Daylight,Clear,Dry,Address,0,834 Dewey Ave,16-817,-77.63937229999999,43.1805938,,,60,136,42,8,8
179,2016-01-21 08:29:00,299,Collisions with other motor vehicles,Miscellaneous,03 - MVA with Vehicle,Encroachment,Preventable,Y,2016-03-31 00:00:00,810,Gillig,2004.0,3.0,48.0,M,Straight and Grade,Daylight,Snow,Snow,Address,Group 14621,Clinton avenue ,16-066,-77.6136259,43.1804313,,,73,135,39,32,19
180,2015-12-24 20:59:00,318,RGRTA Passing Stationary Vehicle,RGRTA scrapes motor vehicle standing along right side,03 - MVA with Vehicle,Fixed Object,Preventable,Y,2016-10-13 00:00:00,1411,New Flyer,2013.0,,44.0,M,Straight and Level,Dark,Clear,Dry,Address,Group 14621,North Clinton & Scratom,15-1840,-77.6136259,43.1804313,,,73,135,39,32,19
181,2016-12-22 08:15:00,375,Vehicle Approaching From Angle,Vehicle approaches from left-vehicle straight-RGRTA turns,03 - MVA with Vehicle,Turning,Preventable,Y,2017-01-10 00:00:00,523,Gillig,2009.0,10.0,26.0,M,Straight and Level,Daylight,Cloudy,Wet,Address,0,Clinton Ave.,16-1581,-77.6136259,43.1804313,,,73,135,39,32,19
182,2016-11-13 10:55:00,295,Vehicle Following,"RGRTA slows or stops for traffic (railroad crossing, stop street, traffic officer)",03 - MVA with Vehicle,0,Non-Preventable,N,,549,Gillig,2009.0,6.0,27.0,M,Straight and Grade,Daylight,Clear,Dry,Address,Park Avenue,North Clinton Ave.,16-1383,-77.6136259,43.1804313,,,73,135,39,32,19
183,2014-10-30 12:35:00,194,Vehicle Passing,Vehicle cuts in and scrapes RGRTA on left side,03 - MVA with Vehicle,0,Non-Preventable,N,,366,New Flyer,2010.0,35.0,45.0,M,Straight and Level,Daylight,Cloudy,Dry,Address,Central Business District,818 Dewey Ave.,14-1195,-77.63920499999999,43.180292,,,58,136,42,0,0
184,2016-02-29 16:30:00,144,Vehicle Passing,Vehicle cuts in and scrapes RGRTA on left side,03 - MVA with Vehicle,0,Non-Preventable,N,,388,New Flyer,2013.0,,54.0,M,Straight and Level,Daylight,Cloudy,Dry,Address,Charles House Area Council,375 Driving Park Avenue,16-309,-77.63998480000001,43.1801195,,,59,139,29,0,0
185,2014-12-16 06:32:00,292,RGRTA Passing Stationary Vehicle,RGRTA scrapes motor vehicle standing along right side,03 - MVA with Vehicle,Fixed Object,Preventable,Y,2015-01-15 00:00:00,762,Gillig,2007.0,20.0,27.0,F,Straight and Level,"Dark, but Lighted",Cloudy,Wet,Address,0,775 Portland ave,14-1415,-77.58829140000002,43.1800939,,,13,66,6,3,2
186,2017-07-26 15:26:00,121,Vehicle Approaching From Angle,Vehicle approaches from right-both turn,03 - MVA with Vehicle,Turning,Preventable,Y,2017-09-06 00:00:00,1616,NE / FL,2016.0,,49.0,M,Straight with Hillcrest,Daylight,Clear,Dry,Address,Maplewood,1550 Empire Blvd,17-998,-77.5085526,43.179862,,,10,28,10,0,0
187,2017-04-06 12:10:00,115,RGRTA Passing Stationary Vehicle,RGRTA collides with door of vehicle standing on right side,03 - MVA with Vehicle,0,Non-Preventable,N,,731,Gillig,2005.0,,48.0,M,Straight and Level,Daylight,Rain,Wet,Address,0,827 Joseph Ave.,17-337,-77.6081894,43.1798356,,,31,107,18,1,1
188,2015-05-07 15:32:00,114,Vehicle Approaching From Angle,Vehicle approaches from left-vehicle straight-RGRTA turns,03 - MVA with Vehicle,0,Non-Preventable,N,,704,Gillig,2004.0,8.0,58.0,F,Straight with Hillcrest,Daylight,Clear,Dry,Address,0, 622 Lexington Ave,15-843,-77.646644,43.179587,,,24,51,5,2,0
189,2015-10-23 07:15:00,83,Collisions w/Fixed Objects,Miscellaneous,04 - MVA with Fixed Object,Fixed Object,Preventable,Y,2015-12-04 00:00:00,1310,New Flyer,2012.0,0.0,47.0,M,Straight and Level,Dusk,Clear,Dry,Address,Beechwood,Lexington and Wren St ,15-1573,-77.646931,43.179574,,,25,54,5,1,1
190,2017-09-18 08:08:00,88,Vehicle Operating Ahead,Miscellaneous,02 - MVA with Injuries,0,Non-Preventable,N,,752,Gillig,2007.0,12.0,58.0,M,Straight and Level,"Dark, but Lighted",Clear,Dry,Address,0,1286 Saint Paul St,17-1232,-77.624776,43.179418,,,36,77,12,4,2
191,2016-09-27 15:25:00,345,Collisions with other motor vehicles,Miscellaneous,03 - MVA with Vehicle,Turning,Preventable,Y,2016-10-20 00:00:00,501,Gillig,2009.0,,54.0,M,Straight and Grade,Daylight,Clear,Dry,Intersection,Brown Square,Lexington Ave. @ Wren St.,16-1148,-77.64689249999999,43.1792545,,,25,54,15,2,1
192,2016-05-26 06:20:00,214,Vehicle Approaching From Angle,Vehicle approaches from left-both turn,03 - MVA with Vehicle,0,Non-Preventable,N,,916,Gillig,2011.0,6.0,57.0,M,Straight and Level,Daylight,Clear,Dry,Address,Central Business District,Lexington Ave.,16-650,-77.6576932,43.179211,,,49,51,0,0,0
193,2015-02-03 22:49:00,185,Vehicle Passing,Vehicle cuts in and scrapes RGRTA on left side,03 - MVA with Vehicle,0,Non-Preventable,N,,917,Gillig,2011.0,,58.0,M,Straight and Level,Daylight,Cloudy,Snow,Intersection,South Wedge,Clinton Ave N & Morrill St,15-184,-77.6135369,43.1791229,,,46,124,36,13,2
194,2016-02-23 16:47:00,257,Vehicle Passing,Vehicle cuts in and scrapes RGRTA on left side,03 - MVA with Vehicle,0,Non-Preventable,N,,768,Gillig,2007.0,13.0,60.0,M,Straight and Level,Daylight,Clear,Wet,Address,Charlotte,755 Lake Ave ,16-262,-77.6319101,43.1789294,,,97,149,36,32,5
195,2017-08-29 08:29:00,93,Collisions with other motor vehicles,Miscellaneous,03 - MVA with Vehicle,0,Non-Preventable,N,,543,Gillig,2009.0,10.0,56.0,M,Straight and Level,Daylight,Clear,Dry,Address,South Wedge,771 Hudson Avenue,17-1153,-77.5994383,43.1788572,,,32,94,5,3,0
196,2015-02-09 08:20:00,160,Vehicle Passing,Vehicle cuts in and scrapes RGRTA on left side,03 - MVA with Vehicle ( Hit & Run ),0,Non-Preventable,N,,704,Gillig,2004.0,8.0,36.0,M,Straight and Level,Daylight,Snow,Snow,Address,Cobbs Hill,739 Dewey Av.,15-225,-77.639719,43.17868379999999,,,59,151,19,0,0
197,2017-05-23 03:01:00,325,Passenger On Board Thrown By RGRTA Movement,"Passenger seated, being seated or rising from seat",06 - On Board Injury/Incident,0,Non-Preventable,N,,1621,NE / FL,2016.0,,44.0,M,Straight and Level,Daylight,Clear,Dry,Address,Corn Hill,10 25 North Clinton Ave.,17-559,-77.6137396,43.1777599,,,43,121,6,4,4
198,2016-09-01 13:09:00,128,Vehicle Following,RGRTA slows or stops to load or discharge,03 - MVA with Vehicle,0,Non-Preventable,N,,751,Gillig,2007.0,16.0,54.0,M,Straight and Level,Daylight,Clear,Dry,Address,Plymouth-Exchange,1025 N Clinton Ave,16-1022,-77.6137396,43.1777599,,,43,121,6,4,4
199,2015-11-09 15:54:00,11,Vehicle Following,RGRTA slows or stops to load or discharge,03 - MVA with Vehicle,0,Non-Preventable,N,,1306,New Flyer,2012.0,30.0,67.0,M,Straight and Level,Daylight,Clear,Dry,Address,0,1025 N Clinton ave ,15-1661,-77.6137396,43.1777599,,,43,121,6,4,4
200,2014-12-10 06:35:00,98,Vehicle Following,"RGRTA slows or stops for traffic (railroad crossing, stop street, traffic officer)",03 - MVA with Vehicle,0,Non-Preventable,N,,1318,New Flyer,2012.0,20.0,45.0,M,Straight and Grade,"Dark, but Lighted",Snow,Wet,Address,0,St. Paul street,14-1381,-77.6250477,43.1776401,,,21,70,12,7,7
201,2015-07-07 08:30:00,205,Collisions with other motor vehicles,Miscellaneous,03 - MVA with Vehicle,0,Non-Preventable,N,,383,New Flyer,2013.0,0.0,54.0,M,Straight and Level,Daylight,Clear,Dry,Address,East Avenue,St. Paul St.,15-1100,-77.6250477,43.1776401,,,21,70,12,7,7
202,2017-09-01 21:10:00,387,Collisions with other motor vehicles,Miscellaneous,03 - MVA with Vehicle,0,Non-Preventable,N,,536,Gillig,2009.0,,42.0,F,Straight and Grade,"Dark, but Lighted",Cloudy,Dry,Address,Strong,St. Paul North South of Innerloop,17-1159,-77.6250477,43.1776401,,,21,70,12,7,7
203,2018-04-11 13:40:00,207,Collisions w/Fixed Objects,Miscellaneous,04 - MVA with Fixed Object,Fixed Object,Preventable,Y,2018-06-14 00:00:00,1301,New Flyer,2012.0,,41.0,F,Straight and Level,Daylight,Cloudy,Dry,Address,0,Edison Career & Technology High School 655 Colfax ,18-451,-77.6711512,43.17744649999999,,,1,21,0,0,0
204,2017-07-18 11:14:00,378,Collisions w/Fixed Objects,Miscellaneous,04 - MVA with Fixed Object,Fixed Object,Preventable,Y,2017-08-07 00:00:00,511,Gillig,2009.0,0.0,37.0,M,Straight and Grade,Daylight,Clear,Dry,Address,Beechwood,Colfax St at Edison Tech Driveway,17-954,-77.6711512,43.17744649999999,,,1,21,0,0,0
205,2016-01-13 10:40:00,84,Vehicle Operating Ahead,Vehicle slows or stops to make left turn,03 - MVA with Vehicle,Front End,Preventable,Y,2016-02-11 00:00:00,1322,New Flyer,2012.0,0.0,65.0,M,Straight and Level,Daylight,Clear,Wet,Address,Charlotte,1250 North Goodman St. ,16-055,-77.5755187,43.1773992,,,34,59,4,3,3
206,2016-10-04 15:02:00,344,Vehicle Following,RGRTA slows or stops to load or discharge,03 - MVA with Vehicle,0,Non-Preventable,N,,760,Gillig,2007.0,25.0,30.0,F,Straight and Level,Daylight,Clear,Dry,Address,0,1204 St. Paul Street,16-1173,-77.6250381,43.1773961,,,21,67,12,7,7
207,2018-02-28 15:20:00,43,Collisions with other motor vehicles,Miscellaneous,03 - MVA with Vehicle,0,Non-Preventable,N,,538,Gillig,2009.0,,57.0,M,Straight and Level,Daylight,Clear,Dry,Address,South Wedge,   574 Empire Blvd,18-244,-77.5411544,43.1771809,,,105,151,6,0,0
208,2018-02-13 15:06:00,279,Collisions with other motor vehicles,Miscellaneous,03 - MVA with Vehicle,0,Non-Preventable,N,,909,Gillig,2011.0,,38.0,F,Straight and Grade,Daylight,Clear,Slush,Intersection,South Wedge,Empire Blvd. @ Cliffordale Pk.,18-196,-77.5477294,43.1767042,,,13,104,3,2,2
209,2017-05-20 16:15:00,302,Collisions with other motor vehicles,Miscellaneous,03 - MVA with Vehicle,0,Non-Preventable,N,,370,New Flyer,2010.0,,38.0,F,Straight and Level,Daylight,Clear,Dry,Address,0,633 Dewey Ave,17-529,-77.6396854,43.1765085,,,43,117,20,18,0
210,2016-07-20 16:11:00,84,Vehicle Passing,Vehicle cuts in and scrapes RGRTA on left side,03 - MVA with Vehicle,0,Non-Preventable,N,,771,Gillig,2007.0,,66.0,M,Straight and Level,Daylight,Clear,Dry,Address,South Marketview Heights,2250 Clifford Ave. ,16-848,-77.5609344,43.1764525,,,30,78,17,10,1
211,2014-11-13 17:17:00,211,Vehicle Passing,Vehicle cuts in and scrapes RGRTA on left side,03 - MVA with Vehicle,General,Preventable,Y,2014-12-29 00:00:00,382,New Flyer,2013.0,,37.0,M,Straight and Level,Dark,Other,Dry,Address,Upper Falls,625 Dewey Avenue,14-1263,-77.63967420000002,43.1762929,,,43,116,24,7,7
212,2017-11-05 23:30:00,314,Collisions w/Fixed Objects,Miscellaneous,04 - MVA with Fixed Object,0,Non-Preventable,N,,541,Gillig,2009.0,,24.0,M,Straight and Level,"Dark, but Lighted",Rain,Wet,Address,Central Business District,1930 Clifford Avenue,17-1459,-77.5699836,43.1761808,,,10,33,1,1,1
213,2015-03-23 08:10:00,297,Collisions w/Fixed Objects,Miscellaneous,04 - MVA with Fixed Object,Fixed Object,Preventable,Y,2015-05-26 00:00:00,521,Gillig,2009.0,10.0,24.0,M,Straight and Level,Daylight,Clear,Dry,Address,0,Clifford and Lyceum,15-514,-77.567882,43.1760686,,,10,36,6,4,3
214,2017-07-24 14:34:00,338,Collisions with other motor vehicles,Miscellaneous,03 - MVA with Vehicle,0,Non-Preventable,N,,753,Gillig,2007.0,,35.0,M,Straight and Grade,Daylight,Clear,Dry,Address,0,609 Lake Ave.,17-994,-77.6306571,43.1759589,,,25,83,19,1,1
215,2017-07-10 08:45:00,158,Collisions with other motor vehicles,Miscellaneous,03 - MVA with Vehicle,0,Non-Preventable,N,,765,Gillig,2007.0,15.0,46.0,M,Straight and Level,Daylight,Clear,Dry,Intersection,Beechwood,Clifford Ave at Goodman St,17-915,-77.57615539999999,43.1758075,,,36,66,24,23,23
216,2016-12-07 11:25:00,65,Collisions w/Fixed Objects,Miscellaneous,04 - MVA with Fixed Object,Fixed Object,Preventable,Y,2017-01-10 00:00:00,758,Gillig,2007.0,30.0,69.0,M,Straight and Level,Daylight,Cloudy,Dry,Address,South Marketview Heights,599 Lake Avenue,16-1486,-77.6304442,43.1757985,,,25,83,20,13,13
217,2014-12-09 16:53:00,239,Vehicle Passing,Vehicle cuts in and scrapes RGRTA on left side,03 - MVA with Vehicle,0,Non-Preventable,N,,387,New Flyer,2013.0,20.0,41.0,M,Straight and Level,Daylight,Clear,Dry,Address,0,540 Portland Ave.,14-1372,-77.5905769,43.1757598,,,67,118,54,11,2
218,2015-03-02 16:55:00,284,RGRTA Passing Stationary Vehicle,RGRTA scrapes motor vehicle standing along right side,03 - MVA with Vehicle,Fixed Object,Preventable,Y,2015-08-11 00:00:00,728,Gillig,2005.0,10.0,30.0,M,Other,Daylight,Clear,Wet,Address,Charlotte,1839 CLIFFORD AVE.,15-415,-77.5724529,43.1757392,,,5,46,1,0,0
219,2018-01-15 18:23:00,119,Collisions with other motor vehicles,Miscellaneous,03 - MVA with Vehicle,Fixed Object,Preventable,Y,2018-01-26 00:00:00,523,Gillig,2009.0,4.0,55.0,M,Straight and Level,"Dark, but Lighted",Other,Snow,Intersection,19th Ward,Clifford Ave & Manitou St,18-054,-77.58473409999999,43.17559809999999,,,31,51,14,13,10
220,2018-06-21 10:30:00,358,Collisions with other motor vehicles,Miscellaneous,03 - MVA with Vehicle,0,Non-Preventable,N,,390,New Flyer,2013.0,7.0,44.0,M,Straight and Level,Daylight,Clear,Dry,Intersection,Beechwood,Portland Ave at Clifford Ave,18-766,-77.59123029999999,43.1754501,,,72,124,50,39,37
221,2015-11-10 20:08:00,163,Pedestrian collision,Miscellaneous,01 - Pedestrian Struck MVA,0,Non-Preventable,N,,1407,New Flyer,2013.0,,47.0,F,Straight and Level,Dark,Rain,Wet,Address,Beechwood,1163 Clifford ave,15-1665,-77.59165730000001,43.1754349,,,66,124,48,37,37
222,2018-04-24 14:01:00,382,Collisions w/Fixed Objects,Miscellaneous,04 - MVA with Fixed Object,Fixed Object,Preventable,Y,,911,Gillig,2011.0,21.0,33.0,F,Straight and Level,Daylight,Clear,Dry,Address,0,1391 Clifford Ave,18-506,-77.58497849999999,43.1754058,,,26,48,13,13,10
223,2016-02-17 09:48:00,30,RGRTA Passing Stationary Vehicle,RGRTA scrapes motor vehicle standing along right side,03 - MVA with Vehicle,Turning,Preventable,Y,2016-04-19 00:00:00,534,Gillig,2009.0,7.0,52.0,F,Straight and Level,Daylight,Snow,Wet,Intersection,0,North street at Clifford avenue,16-211,-77.59512029999999,43.1753734,,,26,150,21,14,14
224,2015-12-11 18:23:00,116,Thrown by movement of RGRTA stopping,"Passenger seated, being seated or rising from seat",06 - On Board Injury/Incident,0,Non-Preventable,N,,508,Gillig,2009.0,,47.0,F,Straight and Level,"Dark, but Lighted",Clear,Dry,Address,0,Portland/Clifford,15-1796,-77.591376,43.17512199999999,,,66,121,48,37,37
225,2015-04-16 16:20:00,266,Vehicle Passing,Vehicle cuts in and scrapes RGRTA on left side,03 - MVA with Vehicle,0,Non-Preventable,N,,1292,New Flyer,2011.0,,39.0,M,Straight and Level,Daylight,Clear,Dry,Intersection,Brown Square,Goodman St  & Corwin St,15-728,-77.576549,43.1750889,,,26,57,24,1,1
226,2017-11-28 16:36:00,391,Collisions w/Fixed Objects,Miscellaneous,04 - MVA with Fixed Object,Fixed Object,Preventable,Y,2017-12-29 00:00:00,1603,NE / FL,2016.0,,46.0,M,Straight and Level,Daylight,Clear,Dry,Address,0,922 North St,17-1546,-77.5950756,43.1750532,,,25,132,17,14,14
227,2015-02-20 07:14:00,89,Collisions with other motor vehicles,Miscellaneous,03 - MVA with Vehicle,0,Non-Preventable,N,,363,New Flyer,2010.0,8.0,54.0,F,Straight and Level,Daylight,Snow,Snow,Intersection,Central Business District,Portland Ave. @ Lochner PL.,15-335,-77.5917144,43.1747583,,,60,123,37,0,0
228,2015-04-24 14:28:00,139,Vehicle Following,RGRTA slows or stops to load or discharge,03 - MVA with Vehicle,0,Non-Preventable,N,,515,Gillig,2009.0,,59.0,M,Straight and Level,Daylight,Cloudy,Dry,Intersection,0,goodman St & Keller St,15-773,-77.5769734,43.1742916,,,27,66,2,0,0
229,2015-04-20 17:09:00,119,Collisions w/Other Objects,Miscellaneous,04 - MVA with Fixed Object,Turning,Preventable,Y,2015-10-07 00:00:00,901,Gillig,2011.0,10.0,52.0,M,Straight and Level,Daylight,Rain,Wet,Address,Park Avenue,672 EMERSON ST.,15-745,-77.6480418,43.1740757,,,11,34,7,4,4
230,2015-02-20 08:05:00,159,Collisions with other motor vehicles,Miscellaneous,03 - MVA with Vehicle,0,Non-Preventable,N,,1407,New Flyer,2013.0,2.0,56.0,M,Straight and Level,Daylight,Snow,Snow,Address,0,522 Emerson St at Kestrell St,15-331,-77.6439812,43.1740327,,,10,69,1,1,1
231,2018-03-03 13:12:00,355,Vehicle Operating Ahead,Miscellaneous,02 - MVA with Injuries,0,Non-Preventable,N,,1406,New Flyer,2013.0,,40.0,M,Straight and Level,Daylight,Snow,Wet,Address,Central Business District,   464 Portland Ave,18-261,-77.5910894,43.1740079,,,56,123,0,0,0
232,2018-03-06 15:42:00,115,Collisions with other motor vehicles,Miscellaneous,03 - MVA with Vehicle,Turning,Preventable,Y,2018-04-25 00:00:00,727,Gillig,2005.0,,49.0,M,Curve and Level,Daylight,Clear,Dry,Address,Edgerton,   510 Dewey Ave,18-285,-77.6390976,43.173926,,,41,91,21,17,17
233,2017-08-02 14:24:00,64,Collisions with other motor vehicles,Miscellaneous,02 - MVA with Injuries,0,Non-Preventable,N,,369,New Flyer,2010.0,,61.0,M,Curve and Level,Daylight,Clear,Dry,Address,South Wedge,510 Dewey Ave,17-1029,-77.6390976,43.173926,,,41,91,21,17,17
234,2017-06-06 13:55:00,82,Passenger Injured on board,Miscellaneous,06 - On Board Injury/Incident,0,Non-Preventable,N,,771,Gillig,2007.0,,58.0,F,Straight and Level,Daylight,Cloudy,Dry,Address,Group 14621, 535 Joseph Ave,17-661,-77.6078953,43.1738972,,,40,122,19,5,1
235,2016-11-17 13:33:00,208,Vehicle Passing,Vehicle cuts in and scrapes RGRTA on left side,03 - MVA with Vehicle,0,Non-Preventable,N,,383,New Flyer,2013.0,,53.0,M,Straight and Grade,Daylight,Clear,Dry,Intersection,0,Dewey Ave. @ Emerson St.,16-1410,-77.6394495,43.173879,,,38,93,27,18,12
236,2015-04-20 17:26:00,204,Vehicle Passing,Vehicle cuts in and scrapes RGRTA on left side,03 - MVA with Vehicle,0,Non-Preventable,N,,361,New Flyer,2010.0,50.0,37.0,M,Straight and Grade,Daylight,Rain,Wet,Intersection,Upper Falls,Emerson Street at Dewey Ave,15-746,-77.6394495,43.173879,,,38,93,27,18,12
237,2014-09-12 11:39:00,111,Vehicle Following,RGRTA slows or stops to load or discharge,02 - MVA with Injuries,0,Non-Preventable,N,,1409,New Flyer,2013.0,,66.0,M,Straight and Level,Daylight,Clear,Dry,Intersection,Upper Falls,On St Paul Blvd at Clifford Ave,14-978,-77.6240401,43.1738662,,,15,62,13,9,8