,accdate,Operator_ID,AccTypeCodeDescr,AccSubTypeCodeDescr,acctype,BAITFISH Code,AccPreventable,Retraining,RetrainingDate,vehbusno,vehmake,vehyear,VehNoOccupants,Drv_Age,CoDrvSex,Roadway,RoadwayLightConditions,RoadwayWeather,RoadwaySurface,Addr_Type,Neighborhood,LocAddr1,FileNumber,Longitude,Latitude,Unnamed: 25,Unnamed: 26,n_accidents_in_0.003,n_accidents_in_0.006,n_accidents_in_0.0015,n_accidents_in_0.00075,n_accidents_in_0.0005
318,2016-09-21 16:00:00,76,Vehicle Passing,Vehicle cuts in and scrapes RGRTA on right side,03 - MVA with Vehicle,0,Non-Preventable,N,,1410,New Flyer,201.0,,49.0,M,Straight and Level,Daylight,Clear,Dry,Address,Group 14621,961 Lyell Ave.,16-1125,-77.6505699,43.1640042,,,19,64,5,0,0
319,2017-12-14 15:50:00,361,Collisions with other motor vehicles,Miscellaneous,03 - MVA with Vehicle,0,Non-Preventable,N,,509,Gillig,2009.0,,48.0,M,,,,,Intersection,Edgerton,Webster Ave. @ Garson Ave.,17-1641,-77.58230809999999,43.1638447,,,21,76,8,8,8
320,2016-06-23 11:50:00,112,Collisions with other motor vehicles,Miscellaneous,03 - MVA with Vehicle,0,Non-Preventable,N,,514,Gillig,2009.0,5.0,39.0,M,Straight and Level,Daylight,Clear,Dry,Intersection,Central Business District,St PAUL St @ WARD St.,16-752,-77.61278949999999,43.1635329,,,14,90,9,9,8
321,2017-05-11 18:13:00,361,Collisions with other motor vehicles,Miscellaneous,02 - MVA with Injuries,0,Non-Preventable,N,,1325,New Flyer,2012.0,,48.0,M,Straight and Level,Daylight,Clear,Dry,Address,0,476 STATE ST,17-435,-77.6212364,43.1633875,,,34,129,11,11,0
322,2017-05-25 17:40:00,54,RGRTA Passing Moving Vehicle,Vehicle pulls or backs out in front or into RGRTA,03 - MVA with Vehicle,0,Non-Preventable,N,,377,New Flyer,2013.0,,52.0,M,Straight and Level,Daylight,Rain,Wet,Address,0,292 North St.,17-570,-77.6017916,43.16313470000001,,,23,81,11,6,6
323,2014-08-20 14:21:00,136,Collisions with other motor vehicles,Miscellaneous,03 - MVA with Vehicle,0,Non-Preventable,N,,538,Gillig,2009.0,15.0,35.0,M,Curve and Level,Daylight,Cloudy,Dry,Address,Edgerton,475 N. GOODMAN ST,14-899,-77.5834563,43.1627488,,,29,69,21,4,3
324,2014-09-18 09:33:00,186,Vehicle Approaching From Angle,Vehicle approaches from right-both straight across,03 - MVA with Vehicle,0,Non-Preventable,N,,536,Gillig,2009.0,38.0,39.0,M,Straight and Level,Daylight,Cloudy,Dry,Address,Group 14621,453 State Street,14-987,-77.6218853,43.1625449,,,45,133,13,2,0
325,2016-03-29 20:48:00,232,Vehicle Approaching From Angle,Vehicle approaches from right-vehicle turns-RGRTA straight,03 - MVA with Vehicle,0,Non-Preventable,N,,1419,New Flyer,2013.0,,45.0,M,Straight with Hillcrest,Dark,Clear,Dry,Address,0,1058 E Main St,16-431,-77.5839208,43.1623609,,,34,64,21,17,0
326,2017-11-01 16:08:00,240,Collisions w/Fixed Objects,Miscellaneous,04 - MVA with Fixed Object,Fixed Object,Preventable,Y,2017-12-27 00:00:00,380,New Flyer,2013.0,,53.0,F,Straight and Level,Daylight,Rain,Wet,Address,Group 14621,435 State St.,17-1446,-77.6216616,43.1622594,,,41,125,13,0,0
327,2018-04-14 06:57:00,216,Vehicle Approaching From Angle,Vehicle approaches from right-both straight across,02 - MVA with Injuries,0,Non-Preventable,N,,1615,NE / FL,2016.0,,46.0,M,Straight and Grade,Daylight,Rain,Wet,Address,Central Business District,N Plymouth Ave @ I 490 W/Allen St,18-459,-77.62305769999999,43.1621325,,,72,141,9,5,5
328,2015-03-27 23:57:00,228,Vehicle Following,RGRTA slows or stops for traffic signal changes,03 - MVA with Vehicle,0,Non-Preventable,N,,537,Gillig,2009.0,10.0,43.0,M,Straight and Grade,"Dark, but Lighted",Snow,Ice,Intersection,Beechwood, East Main/Goodman St,15-598,-77.5836277,43.1620398,,,34,60,21,17,16
329,2015-05-16 10:08:00,269,Vehicle Following,RGRTA slows or stops to load or discharge,03 - MVA with Vehicle,0,Non-Preventable,N,,918,Gillig,2011.0,9.0,40.0,M,Straight with Hillcrest,Daylight,Clear,Dry,Intersection,Central Business District,Main ST and Circle ST,15-882,-77.5880427,43.16192789999999,,,13,71,1,1,0
330,2014-12-09 07:50:00,153,Collisions w/Other Objects,"Fixed object (lamp posts, poles, etc.)",04 - MVA with Fixed Object,Fixed Object,Preventable,Y,2015-02-05 00:00:00,389,New Flyer,2013.0,60.0,55.0,F,Straight and Level,Daylight,Cloudy,Dry,Address,Beechwood,Main Street at Prince street,14-1360,-77.5880427,43.16192789999999,,,13,71,1,1,0
331,2018-06-01 09:38:00,76,Collisions with other motor vehicles,Miscellaneous,03 - MVA with Vehicle,0,Non-Preventable,N,,738,Gillig,2005.0,6.0,51.0,M,Straight and Level,Daylight,Clear,Dry,Intersection,South Marketview Heights,State St and Brown St,18-686,-77.6199491,43.1618748,,,41,72,16,11,11
332,2017-09-13 14:19:00,85,Collisions with other motor vehicles,Miscellaneous,03 - MVA with Vehicle,0,Non-Preventable,N,,547,Gillig,2009.0,,60.0,M,Straight and Grade,Daylight,Clear,Dry,Address,Central Business District,1012 East Main Street,17-1213,-77.58580189999999,43.1617245,,,28,65,5,5,5
333,2017-09-27 09:44:00,5,Collisions with other motor vehicles,Miscellaneous,03 - MVA with Vehicle,0,Non-Preventable,N,,377,New Flyer,2013.0,14.0,66.0,M,Straight and Level,Daylight,Clear,Dry,Intersection,South Wedge,North Street at Lyndhurst Street,17-1279,-77.59758959999999,43.1616947,,,18,105,13,6,6
334,2014-09-19 15:10:00,2,Vehicle Passing,Vehicle cuts in and scrapes RGRTA on left side,03 - MVA with Vehicle,0,Non-Preventable,N,,370,New Flyer,2010.0,25.0,68.0,M,Straight and Level,Daylight,Clear,Dry,Address,East Irondequoit,880 E. Main Street,14-1004,-77.58871669999999,43.1616299,,,14,68,2,1,0
335,2017-10-31 14:49:00,388,Collisions w/Fixed Objects,Miscellaneous,04 - MVA with Fixed Object,Fixed Object,Preventable,Y,2017-12-29 00:00:00,902,Gillig,2011.0,,27.0,M,Straight and Level,Daylight,Cloudy,Dry,Address,Central Business District, E. Main St.\ Inner Loop,17-1442,-77.579048,43.1615558,,,9,58,6,1,1
336,2014-10-28 13:51:00,77,Thrown by movement of RGRTA stopping,"Passenger seated, being seated or rising from seat",06 - On Board Injury/Incident,0,Non-Preventable,N,,532,Gillig,2009.0,40.0,48.0,M,Straight and Grade,Daylight,Cloudy,Dry,Address,Beechwood,East Main street west of South ave,14-1190,-77.579048,43.1615558,,,9,58,6,1,1
337,2015-05-24 07:50:00,245,Vehicle Approaching From Angle,Vehicle approaches from left-both straight across,02 - MVA with Injuries,0,Non-Preventable,N,,1308,New Flyer,2012.0,15.0,60.0,M,Straight and Level,Daylight,Clear,Dry,Address,United Neighbors Together,East Main St.,15-933,-77.579048,43.1615558,,,9,58,6,1,1
338,2015-05-26 23:30:00,267,Vehicle Passing,Vehicle cuts in and scrapes RGRTA on left side,03 - MVA with Vehicle,0,Non-Preventable,N,,380,New Flyer,2013.0,0.0,48.0,M,Straight and Level,Daylight,Clear,Dry,Address,Mayor's Heights,East Main St.,15-931,-77.579048,43.1615558,,,9,58,6,1,1
339,2015-02-20 15:48:00,222,Overhang Collisions,"Vehicle in same direction caught by rear overhang, RGRTA turning right",03 - MVA with Vehicle,Turning,Preventable,Y,2015-05-27 00:00:00,1332,New Flyer,2012.0,20.0,64.0,M,Straight and Level,Daylight,Clear,Slush,Address,Beechwood,East Main St. ,15-338,-77.579048,43.1615558,,,9,58,6,1,1
340,2015-10-21 07:30:00,205,Vehicle Passing,Vehicle cuts in and scrapes RGRTA on left side,03 - MVA with Vehicle,0,Non-Preventable,N,,907,Gillig,2011.0,10.0,55.0,M,Straight and Level,Dusk,Cloudy,Wet,Address,Central Business District,E Main St,15-1566,-77.579048,43.1615558,,,9,58,6,1,1
341,2018-06-12 07:55:00,178,Vehicle Approaching From Angle,Vehicle approaches from left-both turn,02 - MVA with Injuries,0,Non-Preventable,N,,541,Gillig,2009.0,3.0,59.0,F,Curve and Grade,Daylight,Clear,Dry,Address,0,East Main Street,18-730,-77.579048,43.1615558,,,9,58,6,1,1
342,2016-07-18 11:13:00,125,Collisions with other motor vehicles,Miscellaneous,03 - MVA with Vehicle,Turning,Preventable,Y,2016-09-27 00:00:00,918,Gillig,2011.0,5.0,65.0,M,Straight and Level,Daylight,Rain,Wet,Address,0,East Main Street,16-831,-77.579048,43.1615558,,,9,58,6,1,1
343,2017-10-24 15:05:00,164,Collisions with other motor vehicles,Miscellaneous,03 - MVA with Vehicle,Fixed Object,Preventable,Y,2018-01-24 00:00:00,1322,New Flyer,2012.0,,54.0,M,Curve and Level,Daylight,Cloudy,Dry,Address,0, Kenilworth Terrace,17-1401,-77.5920429,43.1614933,,,25,109,11,0,0
344,2018-01-18 17:39:00,53,Vehicle Operating Ahead,Vehicle slows or stops to make left turn,03 - MVA with Vehicle,Front End,Preventable,Y,2018-04-18 00:00:00,1613,New Flyer,2016.0,,55.0,M,Curve and Grade,Dark,Clear,Slush,Address,Central Business District,Cumberland St,18-077,-77.6065627,43.161446,,,72,199,22,1,1
345,2016-02-18 09:18:00,128,Collisions w/Other Objects,,04 - MVA with Fixed Object,Fixed Object,Preventable,Y,,753,Gillig,2007.0,35.0,53.0,M,Straight and Grade,Daylight,Clear,Snow,Address,Lyell-Otis,Cumberland St,16-214,-77.6065627,43.161446,,,72,199,22,1,1
346,2015-08-04 09:10:00,38,Collisions with other motor vehicles,Miscellaneous,03 - MVA with Vehicle,0,Non-Preventable,N,,770,Gillig,2007.0,10.0,55.0,M,Straight and Level,Daylight,Cloudy,Dry,Address,0,Cumberland St,15-1201,-77.6065627,43.161446,,,72,199,22,1,1
347,2015-11-05 18:18:00,255,Passenger On Board Thrown By RGRTA Movement,"Passenger seated, being seated or rising from seat",06 - On Board Injury/Incident,0,Non-Preventable,N,,1305,New Flyer,2012.0,7.0,50.0,F,Straight and Level,Dark,Clear,Dry,Intersection,Beechwood,N Clinton ave and Cumberland st ,15-1651,-77.6080844,43.1614399,,,90,222,28,11,1
348,2017-07-10 23:06:00,332,RGRTA Passing Stationary Vehicle,RGRTA scrapes motor vehicle standing along right side,03 - MVA with Vehicle,Fixed Object,Preventable,Y,2017-09-07 00:00:00,381,New Flyer,2013.0,1.0,41.0,M,Curve with Hillcrest,Dark,Clear,Wet,Intersection,0,N. Clinton Ave and Cumberland Street - Inner loop ,17-919,-77.6080844,43.1614399,,,90,222,28,11,1
349,2018-01-09 07:01:00,85,Vehicle Operating Ahead,Miscellaneous,03 - MVA with Vehicle,Opposing,Preventable,Y,2018-01-24 00:00:00,1304,New Flyer,2012.0,46.0,61.0,M,Straight and Level,"Dark, but Lighted",Freezing Rain,Wet,Intersection,0,N Union St & Weld St ,18-025,-77.593402,43.1614189,,,19,117,3,3,3
350,2015-08-01 19:51:00,222,Vehicle Passing,Vehicle cuts in and scrapes RGRTA on left side,03 - MVA with Vehicle,0,Non-Preventable,N,,539,Gillig,2009.0,20.0,64.0,M,Straight and Level,Dusk,Clear,Dry,Address,Dutchtown,17 North St,15-1194,-77.60289279999999,43.1613771,,,16,110,8,6,6
351,2018-05-11 18:56:00,398,Collisions with other motor vehicles,Miscellaneous,03 - MVA with Vehicle,0,Non-Preventable,N,,761,Gillig,2007.0,,36.0,M,Straight and Level,Daylight,Clear,Dry,Address,Group 14621,1328 E. Main St,18-585,-77.5763783,43.1613586,,,15,31,4,1,1
352,2015-02-06 13:50:00,299,Collisions w/Fixed Objects,Miscellaneous,04 - MVA with Fixed Object,Fixed Object,Preventable,Y,2015-05-06 00:00:00,1321,New Flyer,2012.0,0.0,47.0,M,Straight and Level,Daylight,Clear,Snow,Address,0,1372 East Main St. (A Garage - Lane 4),15-213,-77.57436369999999,43.1613349,,,9,38,4,0,0
353,2015-03-19 13:55:00,73,Collisions w/RGRTA vehicles (Bus to Bus),Miscellaneous,03 - MVA with Vehicle,Fixed Object,Preventable,Y,2015-08-11 00:00:00,530,Gillig,2009.0,,59.0,M,Straight and Level,Daylight,Cloudy,Dry,Address,East Irondequoit,1372 E Main St  Lane 47,15-511,-77.57436369999999,43.1613349,,,9,38,4,0,0
354,2016-11-24 22:05:00,282,Collisions w/Fixed Objects,Miscellaneous,04 - MVA with Fixed Object,Fixed Object,Preventable,Y,2017-03-03 00:00:00,1291,New Flyer,2011.0,1.0,54.0,F,Straight and Level,"Dark, but Lighted",Rain,Wet,Address,Central Business District,1372 E Main St (Lane 12),16-1433,-77.57436369999999,43.1613349,,,9,38,4,0,0
355,2016-10-27 14:57:00,364,Collisions w/RGRTA vehicles (Bus to Bus),Miscellaneous,03 - MVA with Vehicle,Fixed Object,Preventable,Y,2017-01-10 00:00:00,1302,New Flyer,2012.0,1.0,54.0,F,Straight and Level,Daylight,Rain,Wet,Address,Central Business District,1372 E Main St (Lane 25),16-1304,-77.57436369999999,43.1613349,,,9,38,4,0,0
356,2017-12-10 20:53:00,337,Collisions w/RGRTA vehicles (Bus to Bus),Miscellaneous,03 - MVA with Vehicle,Weather,Preventable,Y,2018-01-15 00:00:00,374,New Flyer,2013.0,1.0,31.0,M,Straight and Grade,"Dark, but Lighted",Snow,Snow,Address,0,1372 E Main St (lane 44),17-1611,-77.57436369999999,43.1613349,,,9,38,4,0,0
357,2017-03-16 19:43:00,126,Collisions w/Fixed Objects,Miscellaneous,04 - MVA with Fixed Object,Weather,Preventable,Y,2017-06-29 00:00:00,914,Gillig,2011.0,,49.0,F,,Daylight,Snow,Snow,Address,0,1372 E Main St Lane 5 (reporting location),17-253,-77.57436369999999,43.1613349,,,9,38,4,0,0
358,2016-10-08 12:35:00,23,Collisions w/Other Objects,"Fixed object (lamp posts, poles, etc.)",04 - MVA with Fixed Object,Fixed Object,Preventable,Y,2017-01-10 00:00:00,1405,New Flyer,2013.0,,51.0,M,,Dark,Rain,Wet,Address,Edgerton,"1372 E. Main St, Near Lane 24",16-1203,-77.57436369999999,43.1613349,,,9,38,4,0,0
359,2015-01-23 13:45:00,51,Vehicle Passing,Vehicle cuts in and scrapes RGRTA on left side,03 - MVA with Vehicle,0,Non-Preventable,N,,376,New Flyer,2013.0,,54.0,M,Straight and Level,Daylight,Cloudy,Dry,Intersection,Beechwood,North St & Andrews st,15-143,-77.6029087,43.1613326,,,16,119,7,6,6
360,2018-06-26 18:14:00,214,Vehicle Approaching From Angle,Vehicle approaches from left-vehicle turns-RGRTA straight,03 - MVA with Vehicle,Intersection,Preventable,Y,2018-10-02 00:00:00,1303,New Flyer,2012.0,,60.0,M,Other,Daylight,Clear,Dry,Intersection,Strong,University Ave and Chestnut Street,18-784,-77.6028615,43.161295,,,16,115,7,6,6
361,2016-01-07 08:20:00,298,RGRTA Passing Moving Vehicle,Miscellaneous,03 - MVA with Vehicle,Encroachment,Preventable,Y,2016-02-11 00:00:00,807,Gillig,2004.0,0.0,45.0,M,Straight and Level,Daylight,Clear,Dry,Address,0,Inner Loop W/B,16-018,-77.6065699,43.1612258,,,74,208,23,1,0
362,2017-01-20 15:50:00,92,RGRTA Passing Stationary Vehicle,RGRTA scrapes motor vehicle standing along left side,03 - MVA with Vehicle,Turning,Preventable,Y,2017-05-04 00:00:00,511,Gillig,2009.0,,60.0,M,Straight and Level,Daylight,Clear,Dry,Address,Culver-Winton-Main,Inner Loop and State,17-092,-77.6065699,43.1612258,,,74,208,23,1,0
363,2017-02-15 08:43:00,149,Vehicle Following,"RGRTA slows or stops for traffic (railroad crossing, stop street, traffic officer)",03 - MVA with Vehicle,0,Non-Preventable,N,,521,Gillig,2009.0,1.0,65.0,M,Straight and Level,Daylight,Cloudy,Wet,Address,Beechwood,Inner Loop exit ramp to East Main Street,17-180,-77.6065699,43.1612258,,,74,208,23,1,0
364,2015-04-23 07:30:00,81,Vehicle Passing,Vehicle cuts in and scrapes RGRTA on left side,03 - MVA with Vehicle,0,Non-Preventable,N,,761,Gillig,2007.0,25.0,42.0,F,Straight and Level,Dusk,Snow,Wet,Address,0,Innerloop off ramp east bound at  E Main St,15-758,-77.6065699,43.1612258,,,74,208,23,1,0
365,2017-01-18 14:45:00,187,Vehicle Operating Ahead,Miscellaneous,02 - MVA with Injuries,0,Non-Preventable,N,,1319,New Flyer,2012.0,32.0,57.0,F,Curve with Hillcrest,Daylight,Clear,Wet,Address,Beechwood,350 Circle Street,17-084,-77.5853616,43.1612063,,,30,66,5,0,0
366,2015-04-03 11:15:00,59,Collisions w/RGRTA vehicles (Bus to Bus),Miscellaneous,03 - MVA with Vehicle,Fixed Object,Preventable,Y,2015-07-01 00:00:00,526,Gillig,2009.0,,53.0,F,Straight and Level,Daylight,Clear,Dry,Address,Maplewood,1372 East Main St. (RGRTA Campus - Lane 32),15-634,-77.5748474,43.1611927,,,10,35,5,3,3
367,2014-10-07 07:14:00,66,RGRTA Passing Stationary Vehicle,RGRTA scrapes motor vehicle standing along right side,03 - MVA with Vehicle,Fixed Object,Preventable,Y,2014-10-22 00:00:00,731,Gillig,2005.0,1.0,56.0,M,Straight and Level,Daylight,Other,Dry,Address,Beechwood,1372 East Main street   lane 21,14-1092,-77.5748474,43.1611927,,,10,35,5,3,3
368,2014-11-24 07:00:00,98,Collisions w/Fixed Objects,Miscellaneous,04 - MVA with Fixed Object,Fixed Object,Preventable,Y,2014-12-30 00:00:00,721,Gillig,2005.0,1.0,45.0,M,Straight and Level,"Dark, but Lighted",Other,Dry,Address,Central Business District,1372 East Main street  Lane 23,14-1299,-77.5748474,43.1611927,,,10,35,5,3,3
369,2015-06-22 07:20:00,308,Collisions w/Other Objects,Miscellaneous,04 - MVA with Fixed Object,Fixed Object,Preventable,Y,2015-12-03 00:00:00,384,New Flyer,2013.0,0.0,48.0,M,Straight and Level,Daylight,Clear,Dry,Address,0,"RTS property 1372 E Main st , Federal St wall",15-1045,-77.5748474,43.1611927,,,10,35,5,3,3
370,2016-12-21 04:45:00,321,Collisions w/Other Objects,"Semi fixed objects (garage doors, etc)",04 - MVA with Fixed Object,Fixed Object,Preventable,Y,2017-06-12 00:00:00,1318,New Flyer,2012.0,0.0,48.0,M,Straight and Level,"Dark, but Lighted",Clear,Dry,Address,0,1372 East Main St. (B Garage Lane 15),16-1585,-77.5748474,43.1611927,,,10,35,5,3,3
371,2018-04-18 12:43:00,403,Collisions w/RGRTA vehicles (Bus to Bus),Miscellaneous,03 - MVA with Vehicle,Fixed Object,Preventable,Y,2018-05-11 00:00:00,913,Gillig,2011.0,,37.0,F,Straight and Level,"Dark, but Lighted",Cloudy,Dry,Address,0,   1372 E. Main St.,18-482,-77.5748474,43.1611927,,,10,35,5,3,3
372,2018-06-12 05:29:00,273,Collisions w/RGRTA vehicles (Bus to Bus),Miscellaneous,03 - MVA with Vehicle,Fixed Object,Preventable,Y,2018-09-12 00:00:00,1291,New Flyer,2011.0,1.0,59.0,F,Straight and Level,Daylight,Clear,Dry,Address,Brown Square,1372 E Main St,18-729,-77.5748474,43.1611927,,,10,35,5,3,3
373,2017-12-04 23:03:00,406,Collisions w/Fixed Objects,Miscellaneous,04 - MVA with Fixed Object,Fixed Object,Preventable,Y,2018-04-26 00:00:00,1607,NE FL,2016.0,1.0,47.0,M,,"Dark, but Lighted",Clear,Dry,Address,Edgerton,1372 E Main St,17-1580,-77.5748474,43.1611927,,,10,35,5,3,3
374,2015-03-26 14:58:00,178,Collisions w/Fixed Objects,Miscellaneous,04 - MVA with Fixed Object,Fixed Object,Preventable,Y,2015-06-11 00:00:00,121,NABI,2002.0,,56.0,F,Straight and Level,Daylight,Snow,Wet,Address,Central Business District,1372 E Main St,15-597,-77.5748474,43.1611927,,,10,35,5,3,3
375,2014-10-17 19:24:00,11,Collisions w/RGRTA vehicles (Bus to Bus),Miscellaneous,03 - MVA with Vehicle,Fixed Object,Preventable,Y,2014-12-08 00:00:00,1407,New Flyer,2013.0,0.0,66.0,M,Straight and Level,"Dark, but Lighted",Cloudy,Dry,Address,South Marketview Heights,1372 E. Main St,14-1125,-77.5748474,43.1611927,,,10,35,5,3,3
376,2015-04-09 06:04:00,66,Collisions w/RGRTA vehicles (Bus to Bus),Miscellaneous,03 - MVA with Vehicle,Fixed Object,Preventable,Y,2015-05-27 00:00:00,1407,New Flyer,2013.0,1.0,56.0,M,Straight and Grade,"Dark, but Lighted",Rain,,Address,Gates,1372 E. Main St.,15-659,-77.5748474,43.1611927,,,10,35,5,3,3
377,2014-08-14 18:55:00,259,Collisions w/RGRTA vehicles (Bus to Bus),Miscellaneous,03 - MVA with Vehicle,Fixed Object,Preventable,Y,2014-09-22 00:00:00,1407,New Flyer,2013.0,0.0,52.0,M,Straight and Level,Daylight,Cloudy,Dry,Address,Central Business District,1372 E. Main St.,14-878,-77.5748474,43.1611927,,,10,35,5,3,3
378,2018-07-09 12:33:00,410,Collisions w/RGRTA vehicles (Bus to Bus),Miscellaneous,03 - MVA with Vehicle,Fixed Object,Preventable,Y,2018-09-05 00:00:00,1407,New Flyer,2013.0,,41.0,F,,,,,Address,Group 14621,1372 E.Main St,18-821,-77.5748474,43.1611927,,,10,35,5,3,3
379,2018-02-28 21:23:00,414,Collisions w/Fixed Objects,Miscellaneous,04 - MVA with Fixed Object,General,Preventable,Y,2018-05-11 00:00:00,547,Gillig,2009.0,,38.0,F,Straight and Level,"Dark, but Lighted",Clear,Wet,Address,South Marketview Heights,1372 E.Main St,18-248,-77.5748474,43.1611927,,,10,35,5,3,3
380,2017-03-17 20:40:00,389,Collisions w/Other Objects,"Semi fixed objects (garage doors, etc)",04 - MVA with Fixed Object,Backing,Preventable,Y,2017-08-04 00:00:00,1621,NE / FL,2016.0,,28.0,M,Straight and Level,,Clear,Dry,Address,Central Business District,1372 E.MAIN ST.,17-260,-77.5748474,43.1611927,,,10,35,5,3,3
381,2018-01-25 09:43:00,84,Collisions w/RGRTA vehicles (Bus to Bus),Miscellaneous,03 - MVA with Vehicle,Fixed Object,Preventable,Y,2018-04-18 00:00:00,362,New Flyer,2010.0,,67.0,M,Other,Daylight,Clear,Dry,Address,0,1372 East Main St,18-116,-77.5748474,43.1611927,,,10,35,5,3,3
382,2017-12-27 05:27:00,39,Collisions w/Fixed Objects,Miscellaneous,04 - MVA with Fixed Object,Fixed Object,Preventable,Y,2018-01-24 00:00:00,1602,New Flyer,2016.0,,54.0,M,Other,"Dark, but Lighted",,Snow,Address,Maplewood,1372 East Main St,17-1695,-77.5748474,43.1611927,,,10,35,5,3,3
383,2016-04-29 01:50:00,326,Collisions w/RGRTA vehicles (Bus to Bus),Miscellaneous,03 - MVA with Vehicle,Fixed Object,Preventable,Y,2016-07-21 00:00:00,770,Gillig,2007.0,0.0,23.0,M,Other,Dark,Clear,Dry,Address,Maplewood,1372 East Main St,16-536,-77.5748474,43.1611927,,,10,35,5,3,3
384,2016-03-16 22:25:00,327,Collisions w/RGRTA vehicles (Bus to Bus),Miscellaneous,,Fixed Object,Preventable,Y,2016-04-27 00:00:00,1291,New Flyer,2011.0,0.0,32.0,M,Other,Other,Clear,Dry,Address,0,1372 East Main ST,16-375,-77.5748474,43.1611927,,,10,35,5,3,3
385,2017-04-10 14:12:00,148,Collisions w/Fixed Objects,Miscellaneous,04 - MVA with Fixed Object,Fixed Object,Preventable,Y,2017-06-29 00:00:00,725,Gillig,2005.0,,51.0,M,Other,Daylight,Clear,Dry,Address,Edgerton,1372 East Main St.,17-356,-77.5748474,43.1611927,,,10,35,5,3,3
386,2016-03-07 05:15:00,151,Collisions w/Other Objects,"Semi fixed objects (garage doors, etc)",04 - MVA with Fixed Object,Fixed Object,Preventable,Y,2016-04-19 00:00:00,772,Gillig,2007.0,0.0,45.0,M,Straight and Level,"Dark, but Lighted",Clear,Dry,Address,Group 14621,1372 East Main St.,16-321,-77.5748474,43.1611927,,,10,35,5,3,3
387,2018-03-19 11:16:00,197,Collisions w/RGRTA vehicles (Bus to Bus),Miscellaneous,03 - MVA with Vehicle,Fixed Object,Preventable,Y,2018-04-25 00:00:00,1317,New Flyer,2012.0,1.0,57.0,M,Straight and Level,"Dark, but Lighted",Clear,Dry,Address,0,1372 East Main Street,18-344,-77.5748474,43.1611927,,,10,35,5,3,3
388,2018-03-02 05:07:00,248,Collisions w/RGRTA vehicles (Bus to Bus),Miscellaneous,03 - MVA with Vehicle,Fixed Object,Preventable,Y,2018-04-19 00:00:00,1417,New Flyer,2013.0,,62.0,M,Other,"Dark, but Lighted",Snow,Ice,Address,0,1372 East Main Street,18-254,-77.5748474,43.1611927,,,10,35,5,3,3
389,2017-05-11 05:06:00,37,Collisions w/Fixed Objects,Miscellaneous,04 - MVA with Fixed Object,Fixed Object,Preventable,Y,2017-09-07 00:00:00,1305,New Flyer,2012.0,,54.0,F,,"Dark, but Lighted",Clear,Dry,Address,0,1372 East Main Street,17-427,-77.5748474,43.1611927,,,10,35,5,3,3
390,2017-03-22 04:54:00,308,Collisions w/Other Objects,"Semi fixed objects (garage doors, etc)",04 - MVA with Fixed Object,0,Non-Preventable,N,,1605,NE / FL,2016.0,,50.0,M,Straight and Grade,"Dark, but Lighted",Clear,Dry,Address,0,1372 East Main Street,17-274,-77.5748474,43.1611927,,,10,35,5,3,3
391,2017-10-25 09:15:00,32,Collisions w/Fixed Objects,Miscellaneous,04 - MVA with Fixed Object,Fixed Object,Preventable,Y,2018-01-24 00:00:00,759,Gillig,2007.0,,61.0,F,Straight and Level,Daylight,Clear,Dry,Address,Beechwood,1372 East Main Street,17-1404,-77.5748474,43.1611927,,,10,35,5,3,3
392,2017-09-07 05:17:00,359,Collisions w/RGRTA vehicles (Bus to Bus),Miscellaneous,03 - MVA with Vehicle,Fixed Object,Preventable,Y,2017-10-13 00:00:00,753,Gillig,2007.0,0.0,46.0,M,Other,"Dark, but Lighted",Clear,Dry,Address,0,1372 East Main Street,17-1172,-77.5748474,43.1611927,,,10,35,5,3,3
393,2016-08-29 15:47:00,76,Collisions w/RGRTA vehicles (Bus to Bus),Miscellaneous,03 - MVA with Vehicle,Fixed Object,Preventable,Y,2016-09-27 00:00:00,1417,New Flyer,2013.0,,49.0,M,Straight and Level,Daylight,Clear,Dry,Address,0,1372 East Main Street,16-1004,-77.5748474,43.1611927,,,10,35,5,3,3
394,2015-01-27 07:26:00,292,Collisions with other motor vehicles,Miscellaneous,03 - MVA with Vehicle,0,Non-Preventable,N,,706,Gillig,2004.0,2.0,27.0,F,Straight and Level,Daylight,Cloudy,Snow,Address,West Irondequoit,1372 East Main street,15-117,-77.5748474,43.1611927,,,10,35,5,3,3
395,2016-05-03 14:30:00,323,Collisions w/RGRTA vehicles (Bus to Bus),Miscellaneous,03 - MVA with Vehicle,Fixed Object,Preventable,Y,2016-09-29 00:00:00,513,Gillig,2009.0,,40.0,M,Straight and Level,Daylight,Clear,Dry,Address,Swillburg,1372 East Main Street (Lane 16),16-548,-77.5748474,43.1611927,,,10,35,5,3,3