,accdate,Operator_ID,AccTypeCodeDescr,AccSubTypeCodeDescr,acctype,BAITFISH Code,AccPreventable,Retraining,RetrainingDate,vehbusno,vehmake,vehyear,VehNoOccupants,Drv_Age,CoDrvSex,Roadway,RoadwayLightConditions,RoadwayWeather,RoadwaySurface,Addr_Type,Neighborhood,LocAddr1,FileNumber,Longitude,Latitude,Unnamed: 25,Unnamed: 26,n_accidents_in_0.003,n_accidents_in_0.006,n_accidents_in_0.0015,n_accidents_in_0.00075,n_accidents_in_0.0005
396,2016-08-08 11:12:00,292,Collisions w/RGRTA vehicles (Bus to Bus),Miscellaneous,03 - MVA with Vehicle,Fixed Object,Preventable,Y,2016-10-25 00:00:00,1333,New Flyer,2012.0,1.0,29.0,F,Straight and Level,Daylight,Clear,Dry,Address,0,1372 East Main Street  lane 25,16-918,-77.5748474,43.1611927,,,10,35,5,3,3
397,2015-05-11 08:37:00,183,Collisions w/Other Objects,"Equipment used for repair, construction, or maintenance",04 - MVA with Fixed Object,Fixed Object,Preventable,Y,2015-06-25 00:00:00,236,NABI,2002.0,0.0,41.0,F,Straight and Level,Daylight,Clear,Dry,Address,Beechwood,1372 East Main St. - (RGRTA Campus - C Garage - La,15-853,-77.5744845,43.1611657,,,9,35,5,3,0
398,2014-10-20 15:19:00,270,Vehicle Passing,Vehicle cuts in and scrapes RGRTA on left side,03 - MVA with Vehicle,0,Non-Preventable,N,,524,Gillig,2009.0,,51.0,M,Straight and Level,Daylight,Clear,Dry,Address,19th Ward,834 E.Main Street,14-1139,-77.5901918,43.1610845,,,21,75,7,6,0
399,2014-08-27 18:05:00,120,Vehicle Passing,Vehicle cuts in and scrapes RGRTA on left side,03 - MVA with Vehicle,0,Non-Preventable,N,,1259,NEW FLYER D40LF,2000.0,,47.0,F,Straight and Level,Daylight,Clear,Dry,Address,0,911 East Main St. ,14-919,-77.58777660000001,43.1610419,,,14,71,2,1,1
400,2015-12-18 15:20:00,252,Vehicle Passing,Vehicle cuts in and scrapes RGRTA on left side,03 - MVA with Vehicle,0,Non-Preventable,N,,364,New Flyer,2010.0,,49.0,M,Straight and Level,Daylight,Clear,Dry,Address,Group 14621,185 N Chestnut st ,15-1818,-77.6036237,43.1609165,,,13,140,6,0,0
401,2016-02-23 18:38:00,68,Vehicle Passing,Vehicle cuts in and scrapes RGRTA on left side,03 - MVA with Vehicle,0,Non-Preventable,N,,766,Gillig,2007.0,7.0,47.0,M,Straight and Level,"Dark, but Lighted",Clear,Wet,Intersection,Lyell-Otis,E Main St and Prince St,16-261,-77.58967419999999,43.160871,,,20,66,8,6,6
402,2015-01-16 15:45:00,241,Collisions with other motor vehicles,Miscellaneous,03 - MVA with Vehicle,0,Non-Preventable,N,,509,Gillig,2009.0,5.0,42.0,M,Straight and Level,Daylight,Cloudy,Slush,Address,Group 14621,2052 East Main St.,15-063,-77.5556727,43.1607557,,,17,44,5,0,0
403,2017-02-09 08:00:00,152,Thrown by movement of RGRTA running,Other part of equipment-passenger standing or walking,06 - On Board Injury/Incident,0,Non-Preventable,N,,506,Gillig,2009.0,,56.0,M,,,Snow,Snow,Address,Central Business District,2052 East Main Street,17-145,-77.5556727,43.1607557,,,17,44,5,0,0
404,2015-09-18 15:57:00,101,Collisions w/Fixed Objects,Miscellaneous,04 - MVA with Fixed Object,Fixed Object,Preventable,Y,2015-12-02 00:00:00,770,Gillig,2007.0,0.0,48.0,M,Straight and Level,Daylight,Clear,Dry,Address,Neighborhood of the Arts,1512 E Main st ,15-1422,-77.5711442,43.1606302,,,14,49,13,3,3
405,2014-09-15 07:42:00,252,Vehicle Operating Ahead,"Vehicle slows or stops for traffic (railroad crossing, stop street, or traffic officer)",02 - MVA with Injuries,Front End,Preventable,Y,2014-10-22 00:00:00,529,Gillig,2009.0,25.0,48.0,M,Straight and Level,Daylight,Clear,Dry,Address,Plymouth-Exchange,718 E.Main Street,14-983,-77.5929696,43.160568,,,35,114,12,1,0
406,2014-10-16 13:11:00,139,Collisions w/RGRTA vehicles (Bus to Bus),Miscellaneous,03 - MVA with Vehicle,Fixed Object,Preventable,Y,2014-12-08 00:00:00,812,Gillig,2004.0,3.0,58.0,M,Curve and Level,Daylight,Cloudy,Dry,Intersection,Central Business District,Andrews st. at Franklin street,14-1124,-77.6053192,43.1605293,,,17,188,0,0,0
407,2015-03-11 18:40:00,241,Vehicle Approaching From Angle,Vehicle approaches from left-vehicle straight-RGRTA turns,03 - MVA with Vehicle,0,Non-Preventable,N,,917,Gillig,2011.0,10.0,43.0,M,Straight and Level,Daylight,Clear,Dry,Address,Central Business District,190 JAY ST ,15-495,-77.6256447,43.1604952,,,36,146,0,0,0
408,2016-02-09 11:22:00,197,Vehicle Passing,Vehicle cuts in and scrapes RGRTA on left side,03 - MVA with Vehicle,0,Non-Preventable,N,,1412,New Flyer,2013.0,,55.0,M,Straight and Level,Daylight,Clear,Dry,Intersection,0,East Main and Alexander St,16-174,-77.5916144,43.160442,,,21,99,11,10,10
409,2018-05-11 16:25:00,393,Collisions w/Fixed Objects,Miscellaneous,04 - MVA with Fixed Object,Fixed Object,Preventable,Y,2018-06-21 00:00:00,1602,New Flyer,2016.0,1.0,38.0,F,Straight and Level,Daylight,Clear,Dry,Address,Beechwood,1582 E Main St,18-583,-77.5691056,43.160381,,,10,69,4,0,0
410,2014-08-20 13:25:00,296,Vehicle Passing,Vehicle cuts in and scrapes RGRTA on left side,03 - MVA with Vehicle,0,Non-Preventable,N,,1327,New Flyer,2012.0,1.0,44.0,F,Straight and Level,Daylight,Cloudy,Dry,Address,Central Business District,690 East Main St.,14-900,-77.5938871,43.1602229,,,51,129,8,4,0
411,2015-08-25 16:33:00,124,Vehicle Approaching From Angle,Vehicle approaches from left-vehicle turns-RGRTA straight,03 - MVA with Vehicle,0,Non-Preventable,N,,916,Gillig,2011.0,,43.0,M,Straight and Level,,,,Address,Beechwood,690 East Main Street,15-1291,-77.5938871,43.1602229,,,51,129,8,4,0
412,2015-07-25 19:43:00,291,Vehicle Following,RGRTA slows or stops to load or discharge,,0,Non-Preventable,N,,1323,New Flyer,2012.0,,49.0,M,Straight and Level,Daylight,Clear,Dry,Address,0,700 E. Main St,15-1171,-77.5934844,43.1601956,,,64,119,11,1,0
413,2016-01-28 20:20:00,316,Collisions w/Other Objects,"Fixed object (lamp posts, poles, etc.)",04 - MVA with Fixed Object,Fixed Object,Preventable,Y,2016-04-19 00:00:00,547,Gillig,2009.0,3.0,53.0,F,Straight and Level,Dark,Clear,Dry,Intersection,0,E Main st and Akron st,16-123,-77.5538409,43.1601341,,,16,41,9,4,4
414,2017-01-27 14:30:00,324,Vehicle Operating Ahead,Vehicle drifts back or backing,03 - MVA with Vehicle,Rear End,Preventable,Y,2017-04-20 00:00:00,760,Gillig,2007.0,,38.0,M,Straight and Level,Daylight,Clear,Dry,Address,South Marketview Heights,200 University Ave,17-101,-77.597311,43.16013299999999,,,44,111,3,0,0
415,2015-02-20 22:18:00,174,Collisions with other motor vehicles,Miscellaneous,03 - MVA with Vehicle,0,Non-Preventable,N,,378,New Flyer,2013.0,,42.0,M,Straight and Level,"Dark, but Lighted",Clear,Slush,Intersection,0,East Main/Kansas St.,15-332,-77.5553054,43.1600791,,,16,43,4,2,2
416,2017-10-30 08:30:00,167,Collisions with other motor vehicles,Miscellaneous,03 - MVA with Vehicle,Fixed Object,Preventable,Y,2017-12-27 00:00:00,378,New Flyer,2013.0,25.0,56.0,M,Straight and Level,Daylight,Cloudy,Wet,Address,Central Business District,281 State Street,17-1423,-77.61772549999999,43.1600572,,,32,99,10,0,0
417,2018-02-05 00:57:00,376,Collisions with other motor vehicles,Miscellaneous,03 - MVA with Vehicle,0,Non-Preventable,N,,1332,New Flyer,2012.0,,48.0,F,Straight and Level,"Dark, but Lighted",Snow,Snow,Address,South Wedge,765 East Main Street,18-156,-77.5921638,43.160032,,,36,108,11,1,0
418,2016-06-24 15:42:00,191,Vehicle Passing,Vehicle cuts in and scraped RGRTA at left front while changing traffic lanes or making right turn,03 - MVA with Vehicle,0,Non-Preventable,N,,916,Gillig,2011.0,,56.0,M,Straight and Level,Daylight,Clear,Dry,Address,Central Business District,765 East Main Street,16-771,-77.5921638,43.160032,,,36,108,11,1,0
419,2014-11-05 14:45:00,118,Vehicle Operating Ahead,"Vehicle slows or stops for traffic (railroad crossing, stop street, or traffic officer)",03 - MVA with Vehicle,Front End,Preventable,Y,2014-12-29 00:00:00,1317,New Flyer,2012.0,10.0,51.0,M,Straight and Level,Daylight,Clear,Dry,Address,0,672 East Main St.,14-1223,-77.59471549999999,43.1599765,,,51,128,36,7,0
420,2016-03-04 18:34:00,10,RGRTA Passing Moving Vehicle,Miscellaneous,03 - MVA with Vehicle,0,Non-Preventable,N,,546,Gillig,2009.0,,61.0,F,Straight and Level,Daylight,Clear,Dry,Address,0,155 St Paul Street,16-324,-77.61042739999999,43.1599471,,,66,186,17,1,1
421,2018-06-11 11:04:00,1,Collisions with other motor vehicles,Miscellaneous,03 - MVA with Vehicle,0,Non-Preventable,N,,1804,New Flyer,2018.0,19.0,69.0,M,Straight and Level,Daylight,Clear,Dry,Address,West Irondequoit,State St at Inner Loop Southbound,18-723,-77.6166488,43.1599203,,,41,110,4,0,0
422,2017-09-19 17:09:00,63,Collisions with other motor vehicles,Miscellaneous,03 - MVA with Vehicle,0,Non-Preventable,N,,384,New Flyer,2013.0,,53.0,M,Straight and Level,Daylight,Clear,Dry,Address,Central Business District, 128 N. Clinton Ave,17-1242,-77.60715119999999,43.1598948,,,72,218,38,10,0
423,2018-03-21 16:57:00,371,Collisions w/Fixed Objects,Miscellaneous,04 - MVA with Fixed Object,Fixed Object,Preventable,Y,2018-09-12 00:00:00,909,Gillig,2011.0,,56.0,M,Straight and Level,Daylight,Clear,Dry,Address,Beechwood,162 Andrews Street ,18-370,-77.6106219,43.1597371,,,53,193,6,0,0
424,2017-03-23 15:45:00,23,Vehicle Approaching From Angle,Vehicle approaches from right-both turn,03 - MVA with Vehicle,Turning,Preventable,Y,2017-06-29 00:00:00,549,Gillig,2009.0,,51.0,M,Straight and Level,"Dark, but Lighted",Clear,Dry,Intersection,0,Culver Rd. and East Main St.,17-278,-77.566273,43.1597201,,,26,52,20,18,17
425,2014-12-05 06:51:00,11,Vehicle Approaching From Angle,Vehicle approaches from right-both straight across,03 - MVA with Vehicle,0,Non-Preventable,N,,124,NABI,2002.0,,66.0,M,Straight and Level,Daylight,Clear,Dry,Intersection,Beechwood,East Main Street and Culver Road,14-1345,-77.566273,43.1597201,,,26,52,20,18,17
426,2016-07-22 09:04:00,16,Vehicle Following,"RGRTA slows or stops for traffic (railroad crossing, stop street, traffic officer)",03 - MVA with Vehicle,0,Non-Preventable,N,,701,Gillig,2004.0,7.0,64.0,M,Straight and Level,Daylight,Clear,Dry,Intersection,Beechwood,E Main / University Ave,16-854,-77.5952848,43.1596178,,,48,130,40,18,18
427,2016-07-15 15:39:00,97,Vehicle Following,RGRTA slows or stops to load or discharge,03 - MVA with Vehicle,0,Non-Preventable,N,,1601,NE / FL,2016.0,10.0,60.0,M,Straight and Level,Daylight,Clear,Dry,Address,Lyell-Otis,1673 East Main Street,16-828,-77.5666409,43.159595,,,25,65,19,17,12
428,2015-02-01 22:00:00,266,Collisions w/Other Objects,"Fixed object (lamp posts, poles, etc.)",04 - MVA with Fixed Object,Fixed Object,Preventable,Y,2015-04-02 00:00:00,1419,New Flyer,2013.0,0.0,39.0,M,Curve and Level,Dark,Snow,Snow,Address,Northland-Lyceum,Landing Heights Aparments  ,15-180,-77.5330133,43.1595417,,,0,7,0,0,0
429,2015-05-26 10:02:00,85,Vehicle Following,RGRTA slows or stops to make turns,03 - MVA with Vehicle,0,Non-Preventable,N,,917,Gillig,2011.0,1.0,58.0,M,Straight and Level,Daylight,Cloudy,Dry,Intersection,West Irondequoit,St. Paul street at Andrews street,15-943,-77.610044,43.1595279,,,59,174,9,4,3
430,2018-04-10 17:12:00,273,Collisions w/Fixed Objects,Miscellaneous,04 - MVA with Fixed Object,Fixed Object,Preventable,Y,2018-04-23 00:00:00,1324,New Flyer,2012.0,,58.0,F,Straight and Grade,,,,Intersection,Central Business District,Andrews St at St Paul,18-448,-77.610044,43.1595279,,,59,174,9,4,3
431,2016-12-31 07:52:00,242,Collisions with other motor vehicles,Miscellaneous,03 - MVA with Vehicle,Intersection,Preventable,Y,2017-09-07 00:00:00,548,Gillig,2009.0,,, ,Straight and Grade,Daylight,Clear,Dry,Intersection,Culver-Winton-Main,Andrews St. @ Saint Paul St.,16-1616,-77.610044,43.1595279,,,59,174,9,4,3
432,2015-03-18 15:29:00,1,Vehicle Passing,Vehicle cuts in and scrapes RGRTA on left side,03 - MVA with Vehicle,0,Non-Preventable,N,,910,Gillig,2011.0,0.0,65.0,M,Straight and Level,Daylight,Clear,Dry,Address,Central Business District,699 East Main St.,15-510,-77.5933278,43.15948849999999,,,64,113,8,0,0
433,2018-01-02 08:31:00,202,Vehicle Following,"RGRTA slows or stops for traffic (railroad crossing, stop street, traffic officer)",03 - MVA with Vehicle,0,Non-Preventable,N,,728,Gillig,2005.0,,65.0,F,Straight and Grade,Daylight,Snow,Slush,Address,Edgerton,  201 University Ave,18-002,-77.59679100000001,43.1594846,,,64,114,24,7,7
434,2018-03-09 05:26:00,196,Collisions with other motor vehicles,Miscellaneous,03 - MVA with Vehicle,0,Non-Preventable,N,,546,Gillig,2009.0,,38.0,M,Straight and Level,"Dark, but Lighted",Snow,Snow,Address,Central Business District,726 Jay Street,18-304,-77.6400322,43.1594773,,,26,105,20,5,5
435,2016-09-28 14:33:00,229,RGRTA Passing Stationary Vehicle,RGRTA scrapes motor vehicle standing along right side,03 - MVA with Vehicle,Passing,Preventable,Y,2016-10-19 00:00:00,377,New Flyer,2013.0,1.0,54.0,M,Straight and Level,Daylight,Clear,Dry,Address,0,51 Prince St ,16-1150,-77.5899493,43.1594191,,,28,100,2,1,1
436,2016-05-09 06:42:00,63,Vehicle Approaching From Angle,Vehicle approaches from left-both straight across,03 - MVA with Vehicle,Intersection,Preventable,Y,2016-09-27 00:00:00,758,Gillig,2007.0,18.0,51.0,M,Straight and Level,Daylight,Clear,Dry,Intersection,0,Jay Street at Saxton Street,16-578,-77.6323074,43.159398,,,15,74,7,2,2
437,2018-04-17 14:51:00,273,Collisions w/Fixed Objects,Miscellaneous,03 - MVA with Vehicle,Fixed Object,Preventable,Y,2018-04-23 00:00:00,913,Gillig,2011.0,,58.0,F,Straight and Level,Daylight,Snow,Snow,Address,Strong,         255 Jay St.,18-476,-77.626716,43.1593533,,,60,143,13,11,10
438,2016-09-17 11:48:00,271,RGRTA Passing Stationary Vehicle,RGRTA scrapes motor vehicle standing along right side,03 - MVA with Vehicle,Fixed Object,Preventable,Y,2016-10-20 00:00:00,1311,New Flyer,2012.0,,52.0,M,Straight and Grade,Daylight,Clear,Dry,Intersection,0,Jay St. @ Child St.,16-1102,-77.63886289999999,43.1593107,,,48,123,23,14,14
439,2018-01-07 00:15:00,350,Collisions w/Fixed Objects,Miscellaneous,04 - MVA with Fixed Object,Fixed Object,Preventable,Y,2018-01-26 00:00:00,1312,New Flyer,2012.0,1.0,47.0,F,Curve and Level,Dark,Snow,Snow,Address,Edgerton,70 Knollbrook Rd,18-015,-77.5329213,43.1592922,,,0,7,0,0,0
440,2016-07-06 12:55:00,185,Vehicle Passing,Vehicle cuts in and scrapes RGRTA on left side,03 - MVA with Vehicle,0,Non-Preventable,N,,548,Gillig,2009.0,,59.0,M,Straight and Level,Daylight,Clear,Dry,Address,Brown Square,433 Mt Read Blvd,16-787,-77.6598126,43.15927079999999,,,101,184,31,24,23
441,2017-10-28 16:06:00,375,Passenger Injured on board,Miscellaneous,06 - On Board Injury/Incident,0,Non-Preventable,N,,1411,New Flyer,2013.0,,27.0,M,Straight and Level,Daylight,Rain,Wet,Address,0,583 E. Main St.,17-1416,-77.5966602,43.1591654,,,52,115,17,7,7
442,2017-01-30 17:05:00,237,RGRTA Passing Stationary Vehicle,RGRTA scrapes motor vehicle standing along right side,03 - MVA with Vehicle,Fixed Object,Preventable,Y,2017-06-12 00:00:00,1616,NE / FL,2016.0,,51.0,M,Other,Daylight,Clear,Dry,Address,Central Business District,445 Jay Street,17-106,-77.6321786,43.1591218,,,22,78,4,2,2
443,2016-10-31 07:34:00,79,Collisions with other motor vehicles,Miscellaneous,03 - MVA with Vehicle,0,Non-Preventable,N,,1602,NE / FL,2016.0,1.0,60.0,F,Straight and Level,"Dark, but Lighted",Cloudy,Dry,Address,Central Business District,1801 East Main Street,16-1308,-77.5627976,43.1590839,,,2,40,1,0,0
444,2015-06-08 14:06:00,14,Vehicle Passing,Vehicle cuts in and scrapes RGRTA on left side,03 - MVA with Vehicle,0,Non-Preventable,N,,132,NABI,2002.0,15.0,56.0,M,Curve and Level,Daylight,Rain,Wet,Address,West Irondequoit,1801 East Main street,15-979,-77.5627976,43.1590839,,,2,40,1,0,0
445,2015-02-12 07:56:00,134,Collisions w/Other Objects,Miscellaneous,04 - MVA with Fixed Object,Fixed Object,Preventable,Y,2015-04-02 00:00:00,821,Gillig,2004.0,,53.0,M,Straight and Level,Daylight,Snow,Snow,Intersection,East Irondequoit,Morrie Silver Way At Verona St.,15-267,-77.6203147,43.1590753,,,17,204,7,0,0
446,2018-06-01 23:57:00,355,Collisions with other motor vehicles,Miscellaneous,03 - MVA with Vehicle,Fixed Object,Preventable,Y,2018-06-14 00:00:00,365,New Flyer,2010.0,,40.0,M,Straight and Level,Daylight,Cloudy,Dry,Address,0,   125 Saint Paul St.,18-690,-77.6104737,43.1590674,,,45,215,9,0,0
447,2014-11-25 11:23:00,156,RGRTA Passing Stationary Vehicle,RGRTA collides with door of vehicle standing on right side,03 - MVA with Vehicle,0,Non-Preventable,N,,1408,New Flyer,2013.0,2.0,45.0,M,Straight and Level,Daylight,Cloudy,Dry,Address,0,125 St. Paul street,14-1313,-77.6104737,43.1590674,,,45,215,9,0,0
448,2014-12-08 14:53:00,153,RGRTA Passing Stationary Vehicle,RGRTA scrapes motor vehicle standing along right side,03 - MVA with Vehicle,Fixed Object,Preventable,Y,2015-02-05 00:00:00,534,Gillig,2009.0,,55.0,F,Straight and Level,Daylight,,,Address,0,144 College Avenue,14-1359,-77.58538229999999,43.1590441,,,10,56,10,3,3
449,2016-11-18 10:35:00,310,Vehicle Passing,Vehicle cuts in and scrapes RGRTA on left side,03 - MVA with Vehicle,0,Non-Preventable,N,,1329,New Flyer,2012.0,0.0,31.0,F,Straight and Grade,Daylight,Clear,Dry,Address,Cobbs Hill,561 E Main St,16-1406,-77.5973343,43.1589773,,,58,119,7,0,0
450,2018-04-24 08:03:00,352,Collisions w/Fixed Objects,Miscellaneous,04 - MVA with Fixed Object,Fixed Object,Preventable,Y,2018-09-06 00:00:00,913,Gillig,2011.0,3.0,30.0,M,Straight and Level,Daylight,Clear,Dry,Address,Central Business District,2315  East Main Street,18-504,-77.5489104,43.158855,,,18,29,2,0,0
451,2016-12-30 09:30:00,298,Collisions w/Fixed Objects,Miscellaneous,04 - MVA with Fixed Object,Fixed Object,Preventable,Y,2017-06-29 00:00:00,906,Gillig,2011.0,10.0,46.0,M,Straight and Level,Daylight,Snow,Wet,Address,Beechwood,2315 E Main St,16-1615,-77.5489104,43.158855,,,18,29,2,0,0
452,2018-06-12 15:01:00,184,Collisions w/Fixed Objects,Miscellaneous,04 - MVA with Fixed Object,Fixed Object,Preventable,Y,2018-10-02 00:00:00,507,Gillig,2009.0,,37.0,M,Straight and Grade,,,,Address,Central Business District,2315 E. Main St.,18-735,-77.5489104,43.158855,,,18,29,2,0,0
453,2015-11-02 06:55:00,164,RGRTA Passing Stationary Vehicle,Miscellaneous,03 - MVA with Vehicle,0,Non-Preventable,N,,535,Gillig,2009.0,15.0,52.0,M,Straight and Grade,Daylight,Cloudy,Dry,Address,East Irondequoit,444 East Main street,15-1607,-77.6006402,43.1588034,,,22,124,2,1,0
454,2016-12-20 18:38:00,354,RGRTA Passing Stationary Vehicle,RGRTA scrapes motor vehicle standing along right side,04 - MVA with Fixed Object,Encroachment,Preventable,Y,2017-06-12 00:00:00,913,Gillig,2011.0,,44.0,M,Straight and Level,"Dark, but Lighted",Clear,Dry,Address,Central Business District,444 East Main Street ,16-1582,-77.6006402,43.1588034,,,22,124,2,1,0
455,2016-09-23 15:00:00,228,Vehicle Passing,Vehicle cuts in and scrapes RGRTA on left side,03 - MVA with Vehicle,0,Non-Preventable,N,,904,Gillig,2011.0,,44.0,M,Straight and Level,Daylight,Cloudy,Dry,Intersection,Park Avenue,Main Street @ Winton Road,16-1145,-77.5480137,43.1587977,,,20,31,5,2,1
456,2017-11-27 09:35:00,178,Collisions w/RGRTA vehicles (Bus to Bus),Miscellaneous,03 - MVA with Vehicle,Fixed Object,Preventable,Y,2017-12-27 00:00:00,530,Gillig,2009.0,30.0,58.0,F,Straight and Level,Daylight,Cloudy,Dry,Address,Beechwood,71 N. Clinton Ave.,17-1533,-77.60716339999999,43.1586911,,,84,218,34,26,2
457,2018-03-08 17:38:00,88,Collisions with other motor vehicles,Miscellaneous,03 - MVA with Vehicle,Fixed Object,Preventable,Y,2018-04-17 00:00:00,1308,New Flyer,2012.0,,58.0,M,Curve and Level,Daylight,Clear,Dry,Address,0,71 North Clinton Ave,18-302,-77.60716339999999,43.1586911,,,84,218,34,26,2
458,2017-06-27 15:39:00,157,Collisions with other motor vehicles,Miscellaneous,03 - MVA with Vehicle,0,Non-Preventable,N,,531,Gillig,2009.0,,43.0,M,Straight and Level,Daylight,Clear,Dry,Address,Maplewood,71 North Clinton Avenue,17-846,-77.60716339999999,43.1586911,,,84,218,34,26,2
459,2017-05-25 09:06:00,177,Vehicle Approaching From Angle,Vehicle approaches from right-vehicle straight-RGRTA turns,03 - MVA with Vehicle,General,Preventable,Y,2017-09-14 00:00:00,533,Gillig,2009.0,10.0,52.0,F,Straight and Level,Daylight,Rain,Wet,Address,0,71 North Clinton Avenue,17-565,-77.60716339999999,43.1586911,,,84,218,34,26,2
460,2017-09-15 08:27:00,213,Collisions w/Fixed Objects,Miscellaneous,04 - MVA with Fixed Object,Fixed Object,Preventable,Y,2017-10-10 00:00:00,907,Gillig,2011.0,11.0,59.0,M,Curve and Grade,Daylight,Cloudy,Dry,Address,Maplewood,71 North Clinton Avenue,17-1220,-77.60716339999999,43.1586911,,,84,218,34,26,2
461,2016-03-29 09:30:00,64,Collisions w/Fixed Objects,Miscellaneous,04 - MVA with Fixed Object,Fixed Object,Preventable,Y,2016-04-19 00:00:00,1417,New Flyer,2013.0,15.0,60.0,M,Curve and Level,Daylight,Clear,Dry,Address,Central Business District,71 North Clinton Avenue,16-428,-77.60716339999999,43.1586911,,,84,218,34,26,2
462,2016-02-23 23:10:00,98,Collisions w/RGRTA vehicles (Bus to Bus),Miscellaneous,03 - MVA with Vehicle,Fixed Object,Preventable,Y,2016-07-26 00:00:00,507,Gillig,2009.0,,46.0,M,Straight and Level,Daylight,Clear,Dry,Address,Central Business District,71 North Clinton Avenue,16-260,-77.60716339999999,43.1586911,,,84,218,34,26,2
463,2015-02-09 08:55:00,48,Vehicle Passing,Vehicle cuts in and scrapes RGRTA on left side,03 - MVA with Vehicle,0,Non-Preventable,N,,1304,New Flyer,2012.0,10.0,53.0,M,Straight and Level,Daylight,Snow,Snow,Address,Central Business District,Chestnut St at Stillson St,15-226,-77.6025421,43.1585715,,,34,157,10,7,0
464,2015-07-10 12:42:00,53,Vehicle Passing,Vehicle cuts in and scrapes RGRTA on left side,03 - MVA with Vehicle,0,Non-Preventable,N,,705,Gillig,2004.0,,53.0,M,Straight and Level,Daylight,Clear,Dry,Address,Group 14621,45 Prince St,15-1124,-77.59068649999999,43.15856460000001,,,35,104,8,0,0
465,2015-06-19 14:00:00,275,Collisions with other motor vehicles,Miscellaneous,03 - MVA with Vehicle,Fixed Object,Preventable,Y,2015-07-20 00:00:00,386,New Flyer,2013.0,,38.0,M,Straight and Level,Daylight,Clear,Dry,Address,Central Business District,60 N. Clinton Ave,15-1038,-77.606636,43.1584661,,,78,216,34,8,4
466,2015-01-20 17:39:00,44,Collisions with other motor vehicles,Miscellaneous,03 - MVA with Vehicle,0,Non-Preventable,N,,707,Gillig,2004.0,,51.0,M,Straight and Level,"Dark, but Lighted",Clear,Dry,Address,Edgerton,60 N. Clinton Ave,15-091,-77.606636,43.1584661,,,78,216,34,8,4
467,2017-07-03 14:52:00,336,Collisions with other motor vehicles,Miscellaneous,03 - MVA with Vehicle,0,Non-Preventable,N,,1305,New Flyer,2012.0,,50.0,F,Straight and Level,Daylight,Clear,Dry,Address,0,600 W. Broad St,17-880,-77.6253986,43.1584358,,,80,144,31,23,4
468,2018-03-09 16:46:00,180,RGRTA Passing Stationary Vehicle,RGRTA scrapes motor vehicle standing along left side,03 - MVA with Vehicle,Turning,Preventable,Y,2018-04-19 00:00:00,728,Gillig,2005.0,,45.0,F,Straight and Level,Daylight,Snow,Wet,Address,Central Business District,   160 State St.,18-307,-77.6154177,43.1584237,,,48,115,32,22,11
469,2014-08-08 11:57:00,212,Vehicle Passing,Vehicle cuts in and scrapes RGRTA on right side,03 - MVA with Vehicle,0,Non-Preventable,N,,1303,New Flyer,2012.0,6.0,59.0,F,Straight and Level,Daylight,Clear,Dry,Address,Beechwood,State & Allen Southbound,14-853,-77.6154158,43.1584222,,,48,115,32,22,11
470,2018-03-09 16:32:00,131,Collisions with other motor vehicles,Miscellaneous,03 - MVA with Vehicle,Encroachment,Preventable,Y,2018-04-19 00:00:00,1613,New Flyer,2016.0,9.0,57.0,M,Straight and Level,Daylight,"Sleet, Hail",Wet,Intersection,Central Business District,State St & Allen St,18-306,-77.6154158,43.1584222,,,48,115,32,22,11
471,2014-11-25 16:46:00,35,Collisions w/RGRTA vehicles (Bus to Bus),Miscellaneous,03 - MVA with Vehicle,0,Non-Preventable,N,,735,Gillig,2005.0,,48.0,M,,,,,Address,19th Ward,School of the Arts,14-1316,-77.5905449,43.1583484,,,27,95,9,0,0
472,2015-04-29 05:18:00,103,Collisions w/Other Objects,"Fixed object (lamp posts, poles, etc.)",04 - MVA with Fixed Object,Fixed Object,Preventable,Y,2015-05-26 00:00:00,754,Gillig,2007.0,0.0,56.0,M,Straight and Level,"Dark, but Lighted",Clear,Dry,Address,0,1372 East Main St. (RGRTA Campus - C Garage - Lane,15-780,-77.6082346,43.15834,,,74,232,5,0,0
473,2017-07-17 10:55:00,375,Collisions w/RGRTA vehicles (Bus to Bus),Miscellaneous,03 - MVA with Vehicle,Fixed Object,Preventable,Y,2017-09-07 00:00:00,738,Gillig,2005.0,0.0,27.0,M,Straight and Level,Daylight,Clear,Dry,Address,0,1372 East Main St. RTS C Garage lane 21/22,17-941,-77.6082346,43.15834,,,74,232,5,0,0