,accdate,Operator_ID,AccTypeCodeDescr,AccSubTypeCodeDescr,acctype,BAITFISH Code,AccPreventable,Retraining,RetrainingDate,vehbusno,vehmake,vehyear,VehNoOccupants,Drv_Age,CoDrvSex,Roadway,RoadwayLightConditions,RoadwayWeather,RoadwaySurface,Addr_Type,Neighborhood,LocAddr1,FileNumber,Longitude,Latitude,Unnamed: 25,Unnamed: 26,n_accidents_in_0.003,n_accidents_in_0.006,n_accidents_in_0.0015,n_accidents_in_0.00075,n_accidents_in_0.0005
474,2016-02-25 15:51:00,222,Collisions w/RGRTA vehicles (Bus to Bus),Miscellaneous,03 - MVA with Vehicle,Fixed Object,Preventable,Y,2016-09-27 00:00:00,528,Gillig,2009.0,,65.0,M,Straight and Level,Daylight,Cloudy,Wet,Address,Dutchtown,60 St Paul Street (Lane 10),16-292,-77.6082346,43.15834,,,74,232,5,0,0
475,2016-01-14 06:00:00,135,Collisions w/Fixed Objects,Miscellaneous,04 - MVA with Fixed Object,General,Preventable,Y,2016-02-10 00:00:00,705,Gillig,2004.0,0.0,62.0,m,Straight and Level,Dark,Snow,Wet,Address,Central Business District,RTS C garage lane 21,16-058,-77.6082346,43.15834,,,74,232,5,0,0
476,2015-01-23 09:41:00,60,Collisions w/RGRTA vehicles (Bus to Bus),Miscellaneous,03 - MVA with Vehicle,General,Preventable,Y,2015-04-02 00:00:00,512,Gillig,2009.0,,60.0,F,,Daylight,,,Address,Northland-Lyceum,Transit Center - Lane 20,15-142,-77.6082346,43.15834,,,74,232,5,0,0
477,2017-02-28 06:02:00,197,Collisions w/RGRTA vehicles (Bus to Bus),Miscellaneous,03 - MVA with Vehicle,Fixed Object,Preventable,Y,2017-09-07 00:00:00,738,Gillig,2005.0,,56.0,M,Straight and Grade,,,,Address,0,70 N. Clinton Ave (Transit Center),17-202,-77.6082346,43.15834,,,74,232,5,0,0
478,2016-01-04 14:42:00,324,Collisions w/RGRTA vehicles (Bus to Bus),Miscellaneous,03 - MVA with Vehicle,Fixed Object,Preventable,Y,2016-01-15 00:00:00,1329,,,,37.0,M,Straight and Level,,,,Address,Susan B. Anthony,70 North Clinton Ave (Transit Center North Busway),16-006,-77.6082346,43.15834,,,74,232,5,0,0
479,2015-12-01 11:15:00,8,Pedestrian collision,Miscellaneous,01 - Pedestrian Struck MVA,Pedestrians,Preventable,Y,2016-01-20 00:00:00,1318,New Flyer,2012.0,20.0,55.0,M,Straight and Level,Daylight,Cloudy,Dry,Address,Group 14621,71 North Clinton Ave at Transit Center South Buswa,15-1739,-77.6082346,43.15834,,,74,232,5,0,0
480,2014-12-03 12:08:00,219,Collisions w/Other Objects,"Fixed object (lamp posts, poles, etc.)",04 - MVA with Fixed Object,Fixed Object,Preventable,Y,2015-01-13 00:00:00,379,New Flyer,2013.0,35.0,57.0,M,Straight and Level,Daylight,Cloudy,Dry,Address,Mayor's Heights,60 St Paul St. (Transit Center),14-1338,-77.6082346,43.15834,,,74,232,5,0,0
481,2015-03-03 05:42:00,238,Collisions w/RGRTA vehicles (Bus to Bus),Miscellaneous,03 - MVA with Vehicle,Fixed Object,Preventable,Y,2015-06-09 00:00:00,721,Gillig,2005.0,,61.0,M,Straight and Level,,,,Address,Beechwood,60 St Paul Street ( Transit Center's Northside Bus,15-450,-77.6082346,43.15834,,,74,232,5,0,0
482,2017-06-06 11:40:00,85,Collisions w/RGRTA vehicles (Bus to Bus),Miscellaneous,03 - MVA with Vehicle,Fixed Object,Preventable,Y,2017-10-10 00:00:00,1601,New Flyer,2016.0,15.0,60.0,M,Curve and Grade,Daylight,Clear,Dry,Address,0,60 St Paul Street (RTS Transit Center north busway,17-646,-77.6082346,43.15834,,,74,232,5,0,0
483,2018-02-16 23:46:00,366,Collisions w/RGRTA vehicles (Bus to Bus),Miscellaneous,03 - MVA with Vehicle,0,Non-Preventable,N,,734,Gillig,2005.0,,62.0,M,,,,,Address,Group 14621,60 St. Paul St - Transit Center,18-266,-77.6082346,43.15834,,,74,232,5,0,0
484,2017-07-28 10:30:00,329,Collisions w/RGRTA vehicles (Bus to Bus),Miscellaneous,03 - MVA with Vehicle,Backing,Preventable,Y,2017-09-13 00:00:00,528,Gillig,2009.0,25.0,37.0,M,Straight and Grade,Daylight,Cloudy,Dry,Address,Pearl-Meigs-Monroe,60 St. Paul St. - Transit Center - Gate 4,17-1011,-77.6082346,43.15834,,,74,232,5,0,0
485,2017-03-30 06:02:00,86,Collisions w/RGRTA vehicles (Bus to Bus),Miscellaneous,03 - MVA with Vehicle,General,Preventable,Y,2017-09-06 00:00:00,1323,New Flyer,2012.0,3.0,43.0,M,Straight and Level,"Dark, but Lighted",Cloudy,Dry,Address,0,60 St. Paul St. (Transit Center - Gates 12 & 14),17-312,-77.6082346,43.15834,,,74,232,5,0,0
486,2017-05-30 09:40:00,364,Collisions w/RGRTA vehicles (Bus to Bus),Miscellaneous,03 - MVA with Vehicle,Fixed Object,Preventable,Y,,1310,New Flyer,2012.0,6.0,55.0,F,Straight and Level,Daylight,Cloudy,Dry,Address,Plymouth-Exchange,60 St. Paul St. (Transit Center Gate 7),17-602,-77.6082346,43.15834,,,74,232,5,0,0
487,2016-06-27 18:50:00,329,Collisions w/RGRTA vehicles (Bus to Bus),Miscellaneous,03 - MVA with Vehicle,Fixed Object,Preventable,Y,2016-09-27 00:00:00,535,,,,36.0,M,Straight and Level,Daylight,Clear,Dry,Address,0,60 St. Paul Street (Transit Center South busway),16-767,-77.6082346,43.15834,,,74,232,5,0,0
488,2016-03-14 16:52:00,162,Collisions w/RGRTA vehicles (Bus to Bus),Miscellaneous,03 - MVA with Vehicle,Fixed Object,Preventable,Y,2016-09-27 00:00:00,1411,,,,41.0,F,Straight and Level,Daylight,Clear,Dry,Address,0,60 St. Paul Street (Transit Center south busway),16-363,-77.6082346,43.15834,,,74,232,5,0,0
489,2017-02-06 14:00:00,209,Collisions w/RGRTA vehicles (Bus to Bus),Miscellaneous,03 - MVA with Vehicle,Fixed Object,Preventable,Y,2017-04-20 00:00:00,504,,,,40.0,M,Straight and Level,,,,Address,Group 14621,60 St. Paul Street (Transit Center),17-131,-77.6082346,43.15834,,,74,232,5,0,0
490,2018-04-17 17:25:00,165,,,04 - MVA with Fixed Object,0,Non-Preventable,N,,1326,New Flyer,2012.0,,61.0,M,Straight and Grade,Daylight,Rain,Wet,Address,Genesee-Jefferson,"Mortimer St, Transit Center",18-478,-77.6082346,43.15834,,,74,232,5,0,0
491,2015-07-27 08:20:00,135,Pedestrian collision,Miscellaneous,01 - Pedestrian Struck MVA,Backing,Preventable,Y,2015-09-29 00:00:00,1329,New Flyer,2012.0,,62.0,M,Straight and Grade,Daylight,Clear,Dry,Address,0,RTS Transit Center gate 7 southbusway,15-1169,-77.6082346,43.15834,,,74,232,5,0,0
492,2015-04-20 13:14:00,4,Collisions w/Fixed Objects,Miscellaneous,04 - MVA with Fixed Object,Fixed Object,Preventable,Y,2015-05-27 00:00:00,808,Gillig,2004.0,25.0,63.0,M,Curve and Grade,Daylight,Clear,Dry,Address,0,RTS Transit Center- north busway lane 18-20,15-744,-77.6082346,43.15834,,,74,232,5,0,0
493,2016-03-26 15:00:00,258,Collisions w/RGRTA vehicles (Bus to Bus),Miscellaneous,03 - MVA with Vehicle,Fixed Object,Preventable,Y,2016-04-19 00:00:00,1320,New Flyer,2012.0,16.0,50.0,M,Straight and Level,Daylight,Clear,Dry,Address,0,60 Saint Paul St (Gate 1),16-413,-77.6082346,43.15834,,,74,232,5,0,0
494,2016-06-09 11:28:00,226,Collisions w/RGRTA vehicles (Bus to Bus),Miscellaneous,03 - MVA with Vehicle,Fixed Object,Preventable,Y,2016-10-19 00:00:00,1409,,,,53.0,M,Straight and Level,"Dark, but Lighted",Clear,Dry,Address,0,60 ST Paul. St Gate 1,16-704,-77.6082346,43.15834,,,74,232,5,0,0
495,2016-03-14 16:52:00,29,Collisions w/RGRTA vehicles (Bus to Bus),Miscellaneous,03 - MVA with Vehicle,General,Preventable,Y,2016-03-29 00:00:00,502,Gillig,2009.0,,47.0,M,,,,,Address,0,Transit Center South,16-364,-77.6082346,43.15834,,,74,232,5,0,0
496,2015-02-03 15:04:00,72,Vehicle Operating Ahead,"Vehicle slows or stops for traffic (railroad crossing, stop street, or traffic officer)",03 - MVA with Vehicle,Front End,Preventable,Y,2015-06-24 00:00:00,903,Gillig,2011.0,,46.0,F,Straight and Level,Daylight,Clear,Wet,Address,Central Business District,390 Alexander Street,15-203,-77.5924548,43.1583299,,,41,114,14,14,14
497,2015-02-19 09:19:00,52,Collisions w/RGRTA vehicles (Bus to Bus),Miscellaneous,03 - MVA with Vehicle,0,Non-Preventable,N,,375,New Flyer,2013.0,,56.0,M,,,,,Intersection,South Wedge,Mortimer at Clinton Avenue,15-324,-77.60686919999999,43.1583098,,,80,216,34,4,4
498,2016-01-15 14:34:00,308,Collisions w/Other Objects,"Fixed object (lamp posts, poles, etc.)",04 - MVA with Fixed Object,Fixed Object,Preventable,Y,2016-09-27 00:00:00,1312,New Flyer,2012.0,,49.0,M,Straight and Level,Daylight,Cloudy,Dry,Intersection,High Falls,Motimer st and N Clinton ave,16-063,-77.60686919999999,43.1583098,,,80,216,34,4,4
499,2018-02-28 16:44:00,228,Collisions with other motor vehicles,Miscellaneous,03 - MVA with Vehicle,0,Non-Preventable,N,,1402,New Flyer,2013.0,,45.0,M,Straight and Level,Daylight,Clear,Dry,Address,0,173 State St,18-246,-77.6154663,43.1582726,,,49,116,32,11,11
500,2016-07-29 05:42:00,84,Collisions w/RGRTA vehicles (Bus to Bus),Miscellaneous,03 - MVA with Vehicle,General,Preventable,Y,2016-09-27 00:00:00,1406,New Flyer,2013.0,,66.0,M,,,,,Address,0,Transit Center,16-881,-77.6081421,43.1582509,,,100,233,4,0,0
501,2016-06-27 18:50:00,19,Collisions w/RGRTA vehicles (Bus to Bus),Miscellaneous,03 - MVA with Vehicle,0,Non-Preventable,N,,1312,New Flyer,2012.0,,65.0,M,,,,,Address,0,Transit Center,16-768,-77.6081421,43.1582509,,,100,233,4,0,0
502,2016-09-21 19:20:00,311,Collisions w/RGRTA vehicles (Bus to Bus),Miscellaneous,03 - MVA with Vehicle,0,Non-Preventable,N,,1619,NE / FL,2016.0,,31.0,M,,"Dark, but Lighted",,,Address,0,Transit Center,16-1111,-77.6081421,43.1582509,,,100,233,4,0,0
503,2015-10-02 10:37:00,141,Collisions w/RGRTA vehicles (Bus to Bus),Miscellaneous,03 - MVA with Vehicle,Rear End,Preventable,Y,2015-12-03 00:00:00,390,New Flyer,2013.0,3.0,62.0,M,Straight and Grade,Daylight,Cloudy,Dry,Address,Edgerton,Mortimer St Bus Shelter ,15-1461,-77.607219,43.158237,,,85,212,34,4,3
504,2017-11-02 11:52:00,264,Collisions with other motor vehicles,Miscellaneous,03 - MVA with Vehicle,0,Non-Preventable,N,,918,Gillig,2011.0,7.0,39.0,F,Straight and Level,Daylight,Cloudy,Dry,Address,0,383 East Main Street,17-1451,-77.6022765,43.158066,,,37,138,14,7,7
505,2018-04-06 13:09:00,56,Collisions w/RGRTA vehicles (Bus to Bus),Miscellaneous,03 - MVA with Vehicle,Fixed Object,Preventable,Y,2018-04-25 00:00:00,1318,New Flyer,2012.0,31.0,59.0,M,Straight and Level,Daylight,Clear,Wet,Address,Maplewood,60 Saint Paul St,18-435,-77.6089468,43.1580474,,,65,234,7,1,0
506,2017-04-17 16:40:00,120,Collisions w/Other Objects,"Fixed object (lamp posts, poles, etc.)",04 - MVA with Fixed Object,Fixed Object,Preventable,Y,2017-06-29 00:00:00,918,Gillig,2011.0,,50.0,F,Other,,,,Address,0,60 Saint Paul St,17-349,-77.6089468,43.1580474,,,65,234,7,1,0
507,2016-06-14 15:15:00,105,Collisions w/RGRTA vehicles (Bus to Bus),Miscellaneous,03 - MVA with Vehicle,Fixed Object,Preventable,Y,2016-09-27 00:00:00,917,Gillig,2011.0,20.0,46.0,M,Straight and Level,Daylight,Clear,Dry,Address,Central Business District,60 Saint Paul St,16-711,-77.6089468,43.1580474,,,65,234,7,1,0
508,2015-08-31 16:05:00,282,Collisions w/RGRTA vehicles (Bus to Bus),Miscellaneous,03 - MVA with Vehicle,Fixed Object,Preventable,Y,2015-12-04 00:00:00,1314,New Flyer,2012.0,,52.0,F,Other,,,,Address,Park Avenue,60 Saint Paul St,15-1311,-77.6089468,43.1580474,,,65,234,7,1,0
509,2018-03-19 16:58:00,12,Collisions w/Fixed Objects,Miscellaneous,04 - MVA with Fixed Object,Fixed Object,Preventable,Y,2018-04-23 00:00:00,532,Gillig,2009.0,,72.0,M,Other,,,,Address,0,60 Saint Paul St ,18-347,-77.6089468,43.1580474,,,65,234,7,1,0
510,2018-05-13 18:00:00,342,Collisions w/Fixed Objects,Miscellaneous,04 - MVA with Fixed Object,Fixed Object,Preventable,Y,2018-09-07 00:00:00,1293,New Flyer,2011.0,,51.0,M,Straight and Level,Daylight,Clear,Dry,Address,19th Ward,60 Saint Paul St.,18-587,-77.6089468,43.1580474,,,65,234,7,1,0
511,2017-02-07 11:39:00,123,Collisions w/Fixed Objects,Miscellaneous,04 - MVA with Fixed Object,Backing,Preventable,Y,2017-04-20 00:00:00,385,New Flyer,2013.0,,35.0,F,Straight and Grade,,,,Address,0,60 Saint Paul St.,17-137,-77.6089468,43.1580474,,,65,234,7,1,0
512,2017-09-15 21:15:00,192,Collisions w/RGRTA vehicles (Bus to Bus),Miscellaneous,03 - MVA with Vehicle,Fixed Object,Preventable,Y,2017-10-19 00:00:00,761,Gillig,2007.0,,70.0,M,Other,,,,Address,Central Business District,60 Saint Paul st.,17-1223,-77.6089468,43.1580474,,,65,234,7,1,0
513,2017-08-10 14:29:00,368,Passenger Injured on board,"Thrown By Movement - Being seated, seating, or rising from seat",06 - On Board Injury/Incident,0,Non-Preventable,N,,518,Gillig,2009.0,,47.0,F,Straight and Level,Daylight,Clear,Dry,Address,Central Business District,60 Saint Paul St.,17-1067,-77.6089468,43.1580474,,,65,234,7,1,0
514,2017-08-09 16:14:00,377,Collisions w/Fixed Objects,Miscellaneous,,Fixed Object,Preventable,Y,2017-09-06 00:00:00,519,Gillig,2009.0,0.0,50.0,M,Other,,,,Address,Brown Square,60 Saint Paul St.,17-1062,-77.6089468,43.1580474,,,65,234,7,1,0
515,2017-01-17 17:38:00,272,Thrown by movement of RGRTA stopping,Other part of equipment-passenger standing or walking,06 - On Board Injury/Incident,0,Non-Preventable,N,,1314,New Flyer,2012.0,,46.0,M,,Daylight,Rain,Wet,Address,Beechwood,60 Saint Paul St.,17-076,-77.6089468,43.1580474,,,65,234,7,1,0
516,2016-12-19 15:25:00,370,Collisions w/RGRTA vehicles (Bus to Bus),Miscellaneous,03 - MVA with Vehicle,Passing,Preventable,Y,2017-01-10 00:00:00,1303,New Flyer,2012.0,,49.0,F,Other,,,,Address,Highland,60 Saint Paul St.,16-1558,-77.6089468,43.1580474,,,65,234,7,1,0
517,2016-11-02 14:00:00,326,Collisions w/Fixed Objects,Miscellaneous,04 - MVA with Fixed Object,Fixed Object,Preventable,Y,2017-01-10 00:00:00,1325,New Flyer,2012.0,,24.0,M,Other,,,,Address,Beechwood,60 Saint Paul St.,16-1321,-77.6089468,43.1580474,,,65,234,7,1,0
518,2016-01-13 14:59:00,155,Collisions w/RGRTA vehicles (Bus to Bus),Miscellaneous,03 - MVA with Vehicle,Fixed Object,Preventable,Y,2016-02-11 00:00:00,1323,Gillig,2007.0,,64.0,M,Other,,,,Address,0,60 Saint Paul St.,16-056,-77.6089468,43.1580474,,,65,234,7,1,0
519,2015-02-17 13:10:00,120,Collisions w/RGRTA vehicles (Bus to Bus),Miscellaneous,03 - MVA with Vehicle,0,Non-Preventable,N,,1291,New Flyer,2011.0,,47.0,F,Straight and Grade,,,,Address,0,60 Saint Paul St.,15-308,-77.6089468,43.1580474,,,65,234,7,1,0
520,2015-01-12 16:30:00,74,Overhang Collisions,"Vehicle in same direction caught by rear overhang, RGRTA turning right",03 - MVA with Vehicle,Turning,Preventable,Y,2015-04-02 00:00:00,510,Gillig,2009.0,,59.0,M,Straight and Level,,,,Address,Central Business District,60 Saint Paul St.,15-036,-77.6089468,43.1580474,,,65,234,7,1,0
521,2015-09-08 23:43:00,297,Passenger On Board Thrown By RGRTA Movement,"Passenger seated, being seated or rising from seat",06 - On Board Injury/Incident,Passenger,Preventable,Y,2015-12-02 00:00:00,529,,,,24.0,M,Other,Other,Clear,Dry,Address,0,60 ST Paul .ST,15-1343,-77.6089468,43.1580474,,,65,234,7,1,0
522,2018-03-16 09:10:00,310,Collisions w/RGRTA vehicles (Bus to Bus),Miscellaneous,03 - MVA with Vehicle,Fixed Object,Preventable,Y,2018-04-18 00:00:00,532,,,,32.0,F,Straight and Level,Daylight,Freezing Rain,Wet,Address,Central Business District,60 Saint Paul Street,18-332,-77.6089468,43.1580474,,,65,234,7,1,0
523,2018-01-19 06:04:00,217,Collisions w/RGRTA vehicles (Bus to Bus),Miscellaneous,03 - MVA with Vehicle,Backing,Preventable,Y,2018-04-18 00:00:00,1413,,,,49.0,F,Other,Daylight,Clear,Slush,Address,0,60 Saint Paul Street,18-079,-77.6089468,43.1580474,,,65,234,7,1,0
524,2017-05-05 07:22:00,2,Collisions w/Fixed Objects,Miscellaneous,04 - MVA with Fixed Object,0,Non-Preventable,N,,373,,,,71.0,M,Straight and Grade,Daylight,Rain,Dry,Address,Charles House Area Council,60 Saint Paul Street,17-418,-77.6089468,43.1580474,,,65,234,7,1,0
525,2017-08-22 08:02:00,171,Collisions w/RGRTA vehicles (Bus to Bus),Miscellaneous,03 - MVA with Vehicle,Fixed Object,Preventable,Y,2017-09-07 00:00:00,1411,New Flyer,2013.0,,49.0,M,Curve and Grade,"Dark, but Lighted",Cloudy,Dry,Address,Maplewood,60 Saint Paul Street,17-1122,-77.6089468,43.1580474,,,65,234,7,1,0
526,2016-09-21 19:20:00,76,Collisions w/RGRTA vehicles (Bus to Bus),Miscellaneous,03 - MVA with Vehicle,Fixed Object,Preventable,Y,2017-01-10 00:00:00,1410,,,,49.0,M,Straight and Level,Daylight,Clear,Dry,Address,0,60 Saint Paul Street,16-1110,-77.6089468,43.1580474,,,65,234,7,1,0
527,2018-06-29 15:01:00,288,Collisions w/RGRTA vehicles (Bus to Bus),Miscellaneous,03 - MVA with Vehicle,0,Non-Preventable,N,,548,Gillig,2009.0,,48.0,M,,,,,Address,Beechwood,60 St Paul St,18-831,-77.6089468,43.1580474,,,65,234,7,1,0
528,2018-06-29 15:01:00,83,Collisions w/RGRTA vehicles (Bus to Bus),Miscellaneous,03 - MVA with Vehicle,Fixed Object,Preventable,Y,2018-09-07 00:00:00,1332,New Flyer,2012.0,9.0,50.0,M,Other,Daylight,Clear,Dry,Address,0,60 St Paul St,18-799,-77.6089468,43.1580474,,,65,234,7,1,0
529,2018-03-20 15:24:00,26,Collisions w/Fixed Objects,Miscellaneous,04 - MVA with Fixed Object,Fixed Object,Preventable,Y,2018-06-14 00:00:00,1405,New Flyer,2013.0,,69.0,F,Other,Daylight,Clear,Dry,Address,Beechwood,60 St Paul St,18-356,-77.6089468,43.1580474,,,65,234,7,1,0
530,2016-06-16 13:15:00,56,Collisions w/RGRTA vehicles (Bus to Bus),Miscellaneous,03 - MVA with Vehicle,General,Preventable,Y,2016-09-27 00:00:00,524,Gillig,2009.0,10.0,57.0,M,Straight and Grade,Daylight,Clear,Dry,Address,0,60 St Paul St,16-722,-77.6089468,43.1580474,,,65,234,7,1,0
531,2016-06-01 15:32:00,182,Collisions w/Other Objects,"Fixed object (lamp posts, poles, etc.)",04 - MVA with Fixed Object,Fixed Object,Preventable,Y,2016-10-13 00:00:00,540,Gillig,2009.0,,38.0,M,Straight and Level,Daylight,Clear,Dry,Address,0,60 St Paul St,16-658,-77.6089468,43.1580474,,,65,234,7,1,0
532,2016-03-16 18:33:00,319,Collisions w/RGRTA vehicles (Bus to Bus),Miscellaneous,03 - MVA with Vehicle,Fixed Object,Preventable,Y,2016-04-19 00:00:00,548,Gillig,2009.0,,41.0,M,,,,,Address,0,60 St Paul St,16-370,-77.6089468,43.1580474,,,65,234,7,1,0
533,2016-10-03 18:02:00,12,Collisions w/RGRTA vehicles (Bus to Bus),Miscellaneous,03 - MVA with Vehicle,Fixed Object,Preventable,Y,2017-11-06 00:00:00,1309,New Flyer,2012.0,,70.0,M,Straight and Level,Dusk,Clear,Dry,Address,North Marketview Heights,60 ST PAUL ST,16-1172,-77.6089468,43.1580474,,,65,234,7,1,0
534,2015-05-22 16:30:00,171,Collisions w/RGRTA vehicles (Bus to Bus),Miscellaneous,03 - MVA with Vehicle,0,Non-Preventable,N,,812,Gillig,2004.0,,46.0,M,Other,Daylight,Clear,Dry,Address,0,60 St Paul St,15-937,-77.6089468,43.1580474,,,65,234,7,1,0
535,2015-04-29 07:56:00,16,Collisions w/RGRTA vehicles (Bus to Bus),Miscellaneous,03 - MVA with Vehicle,General,Preventable,Y,2015-09-08 00:00:00,532,Gillig,2009.0,,63.0,M,,,,,Address,0,60 St Paul St,15-784,-77.6089468,43.1580474,,,65,234,7,1,0
536,2015-04-29 07:56:00,161,Collisions w/RGRTA vehicles (Bus to Bus),Miscellaneous,03 - MVA with Vehicle,Fixed Object,Preventable,Y,2015-06-11 00:00:00,801,Gillig,2004.0,8.0,63.0,M,Straight and Level,Daylight,,Dry,Address,19th Ward,60 St Paul St,15-783,-77.6089468,43.1580474,,,65,234,7,1,0
537,2015-02-07 13:45:00,141,Collisions w/RGRTA vehicles (Bus to Bus),Miscellaneous,03 - MVA with Vehicle,Fixed Object,Preventable,Y,2015-06-11 00:00:00,527,Gillig,2009.0,,62.0,M,Straight and Level,Other,Clear,Wet,Address,0,60 St Paul St,15-214,-77.6089468,43.1580474,,,65,234,7,1,0
538,2015-01-23 08:23:00,83,Collisions w/RGRTA vehicles (Bus to Bus),Miscellaneous,03 - MVA with Vehicle,Fixed Object,Preventable,Y,2015-04-02 00:00:00,1308,New Flyer,2012.0,30.0,46.0,M,Straight and Level,Daylight,Cloudy,Dry,Address,0,60 St Paul St,15-139,-77.6089468,43.1580474,,,65,234,7,1,0
539,2015-09-06 16:03:00,249,Collisions w/Fixed Objects,Miscellaneous,04 - MVA with Fixed Object,Fixed Object,Preventable,Y,2015-09-30 00:00:00,903,Gillig,2011.0,,40.0,M,Straight and Level,Daylight,Clear,Dry,Address,0,60 St Paul St,15-1335,-77.6089468,43.1580474,,,65,234,7,1,0
540,2015-08-01 15:00:00,298,Collisions w/RGRTA vehicles (Bus to Bus),Miscellaneous,,Fixed Object,Preventable,Y,2015-09-08 00:00:00,1321,New Flyer,2012.0,,44.0,M,Straight and Level,Other,Clear,Dry,Address,Central Business District,60 St Paul St,15-1192,-77.6089468,43.1580474,,,65,234,7,1,0
541,2015-01-26 22:34:00,116,Collisions w/Other Objects,"Fixed object (lamp posts, poles, etc.)",04 - MVA with Fixed Object,Fixed Object,Preventable,Y,2015-12-02 00:00:00,519,Gillig,2009.0,,46.0,F,Straight and Level,"Dark, but Lighted",Clear,Wet,Address,Maplewood,60 St Paul St,15-119,-77.6089468,43.1580474,,,65,234,7,1,0
542,2015-10-03 00:02:00,202,Collisions w/Fixed Objects,Miscellaneous,04 - MVA with Fixed Object,Fixed Object,Preventable,Y,2015-12-08 00:00:00,507,Gillig,2009.0,,62.0,F,,,,,Address,Neighborhood of the Arts,60 St Paul St ,15-1460,-77.6089468,43.1580474,,,65,234,7,1,0
543,2018-07-06 13:30:00,128,Collisions w/RGRTA vehicles (Bus to Bus),Miscellaneous,03 - MVA with Vehicle,Turning,Preventable,Y,2018-09-12 00:00:00,1408,New Flyer,2013.0,,55.0,M,Straight and Level,Daylight,Clear,Dry,Address,East Avenue,60 St Paul Street,18-815,-77.6089468,43.1580474,,,65,234,7,1,0
544,2017-06-08 11:05:00,142,Collisions w/Fixed Objects,Miscellaneous,04 - MVA with Fixed Object,Fixed Object,Preventable,Y,2017-10-20 00:00:00,528,Gillig,2009.0,,41.0,F,Straight and Level,Daylight,Clear,Dry,Address,0,60 St Paul Street,17-663,-77.6089468,43.1580474,,,65,234,7,1,0
545,2017-10-20 15:12:00,154,Collisions w/Fixed Objects,Miscellaneous,04 - MVA with Fixed Object,Fixed Object,Preventable,Y,2017-12-27 00:00:00,511,Gillig,2009.0,,50.0,M,Straight and Level,Daylight,Clear,Dry,Address,0,60 St Paul Street,17-1388,-77.6089468,43.1580474,,,65,234,7,1,0
546,2016-06-30 13:10:00,182,RGRTA Passing Moving Vehicle,Miscellaneous,03 - MVA with Vehicle,Turning,Preventable,Y,2016-10-13 00:00:00,541,Gillig,2009.0,,38.0,M,Straight and Level,Daylight,Clear,Dry,Address,Beechwood,60 St Paul Street,16-776,-77.6089468,43.1580474,,,65,234,7,1,0
547,2016-03-11 09:31:00,302,Collisions w/Fixed Objects,Miscellaneous,04 - MVA with Fixed Object,Fixed Object,Preventable,Y,2016-04-19 00:00:00,375,New Flyer,2013.0,,37.0,F,Straight and Level,Daylight,Cloudy,Dry,Address,0,60 St Paul Street,16-351,-77.6089468,43.1580474,,,65,234,7,1,0
548,2016-02-25 15:51:00,28,Collisions w/RGRTA vehicles (Bus to Bus),Miscellaneous,,General,Preventable,Y,2016-04-19 00:00:00,755,Gillig,2007.0,,67.0,M,,,,,Address,Central Business District,60 St Paul Street,16-293,-77.6089468,43.1580474,,,65,234,7,1,0
549,2015-11-27 15:53:00,83,Collisions w/RGRTA vehicles (Bus to Bus),Miscellaneous,03 - MVA with Vehicle,Fixed Object,Preventable,Y,2015-12-30 00:00:00,1333,New Flyer,2012.0,15.0,47.0,M,Other,Daylight,Clear,Dry,Address,Pearl-Meigs-Monroe,60 St Paul Street,15-1741,-77.6089468,43.1580474,,,65,234,7,1,0
550,2015-04-07 17:55:00,205,Collisions w/RGRTA vehicles (Bus to Bus),Miscellaneous,03 - MVA with Vehicle,Fixed Object,Preventable,Y,2015-09-30 00:00:00,506,Gillig,2009.0,15.0,54.0,M,Other,Daylight,Clear,Dry,Address,South Marketview Heights,60 St Paul Street  ,15-638,-77.6089468,43.1580474,,,65,234,7,1,0
551,2014-12-01 07:05:00,79,Collisions w/Other Objects,"Fixed object (lamp posts, poles, etc.)",04 - MVA with Fixed Object,Fixed Object,Preventable,Y,2015-02-05 00:00:00,541,Gillig,2009.0,,58.0,F,Straight and Grade,Other,Clear,Dry,Address,0,60 St. Paul St.,14-1329,-77.6089468,43.1580474,,,65,234,7,1,0
552,2016-08-31 12:20:00,191,Collisions w/RGRTA vehicles (Bus to Bus),Miscellaneous,03 - MVA with Vehicle,General,Preventable,Y,2016-09-27 00:00:00,1291,New Flyer,2011.0,,57.0,M,,Daylight,Cloudy,Dry,Address,19th Ward,60 St. Paul St. ,16-1015,-77.6089468,43.1580474,,,65,234,7,1,0
553,2017-07-03 17:40:00,380,Collisions w/Fixed Objects,Miscellaneous,04 - MVA with Fixed Object,Fixed Object,Preventable,Y,2017-10-24 00:00:00,919,Gillig,2011.0,,50.0,M,Other,,,,Address,Browncroft,60 St. Paul Steet,17-883,-77.6089468,43.1580474,,,65,234,7,1,0
554,2018-01-29 17:40:00,402,Collisions with other motor vehicles,Miscellaneous,04 - MVA with Fixed Object,Fixed Object,Preventable,Y,2018-04-18 00:00:00,1610,NE / FL,2016.0,,39.0,F,Curve and Level,Other,Clear,Dry,Address,South Wedge,60 St. Paul Street,18-136,-77.6089468,43.1580474,,,65,234,7,1,0
555,2017-12-22 12:23:00,163,Collisions w/Fixed Objects,Miscellaneous,04 - MVA with Fixed Object,Passing,Preventable,Y,2018-09-07 00:00:00,365,New Flyer,2010.0,,50.0,F,Straight and Grade,Daylight,Snow,Wet,Address,0,60 St. Paul Street,17-1679,-77.6089468,43.1580474,,,65,234,7,1,0