,accdate,Operator_ID,AccTypeCodeDescr,AccSubTypeCodeDescr,acctype,BAITFISH Code,AccPreventable,Retraining,RetrainingDate,vehbusno,vehmake,vehyear,VehNoOccupants,Drv_Age,CoDrvSex,Roadway,RoadwayLightConditions,RoadwayWeather,RoadwaySurface,Addr_Type,Neighborhood,LocAddr1,FileNumber,Longitude,Latitude,Unnamed: 25,Unnamed: 26,n_accidents_in_0.003,n_accidents_in_0.006,n_accidents_in_0.0015,n_accidents_in_0.00075,n_accidents_in_0.0005
714,2017-04-26 14:46:00,245,Collisions with other motor vehicles,Miscellaneous,03 - MVA with Vehicle,Turning,Preventable,Y,2017-09-13 00:00:00,916,Gillig,2011.0,,62.0,M,,Daylight,Cloudy,Dry,Intersection,0,Monroe Ave and Averill Ave,17-343,-77.5958235,43.1477751,,,54,132,13,13,12
715,2016-11-18 08:10:00,295,Vehicle Passing,Vehicle cuts in and scrapes RGRTA on left side,03 - MVA with Vehicle,0,Non-Preventable,N,,1315,New Flyer,2012.0,25.0,27.0,M,Straight and Level,Daylight,Clear,Dry,Address,Group 14621,Joseph at Kelly St,16-1408,-77.6061448,43.1476718,,,44,110,20,2,0
716,2016-02-19 13:16:00,1,Vehicle Passing,Vehicle cuts in and scrapes RGRTA on left side,02 - MVA with Injuries,0,Non-Preventable,N,,527,Gillig,2009.0,11.0,66.0,M,Straight and Level,Daylight,Clear,Wet,Address,0,701 Park ave ,16-248,-77.57704439999999,43.147669,,,12,45,8,1,0
717,2016-12-15 07:45:00,342,Vehicle Operating Ahead,"Vehicle slows or stops for traffic (railroad crossing, stop street, or traffic officer)",03 - MVA with Vehicle,Front End,Preventable,Y,2017-01-10 00:00:00,1607,NE FL,2016.0,1.0,50.0,M,Straight with Hillcrest,Dark,Snow,Snow,Intersection,0,Winton Rd South at Halstead St,16-1536,-77.5541319,43.1475525,,,38,118,3,2,2
718,2017-09-13 11:16:00,361,Collisions with other motor vehicles,Miscellaneous,03 - MVA with Vehicle,0,Non-Preventable,N,,385,New Flyer,2013.0,10.0,48.0,M,Straight and Level,Daylight,Clear,Dry,Address,0,439 South Avenue,17-1207,-77.606005,43.1473306,,,33,108,11,7,7
719,2017-03-17 07:09:00,170,Vehicle Passing,Vehicle cuts in and scrapes RGRTA on left side,03 - MVA with Vehicle,0,Non-Preventable,N,,540,Gillig,2009.0,1.0,44.0,F,Straight and Level,Daylight,Cloudy,Wet,Address,0,Ford Street,17-256,-77.62011489999999,43.1473265,,,13,37,7,0,0
720,2016-05-19 12:54:00,236,Vehicle Passing,Vehicle cuts in and scrapes RGRTA on left side,03 - MVA with Vehicle,0,Non-Preventable,N,,1291,New Flyer,2011.0,,56.0,M,Straight and Grade,Daylight,Clear,Dry,Address,Upper Falls,100 Winton Rd,16-632,-77.5537746,43.1472309,,,39,121,3,2,0
721,2015-09-14 17:34:00,118,Pedestrian collision,Miscellaneous,01 - Pedestrian Struck MVA,Passenger,Preventable,Y,2015-12-02 00:00:00,515,Gillig,2009.0,,52.0,M,Straight and Level,Daylight,Clear,Dry,Address,Culver-Winton-Main,755 Park Avenue,15-1370,-77.5756423,43.1472242,,,11,101,3,3,2
722,2016-02-17 23:19:00,41,RGRTA Passing Stationary Vehicle,RGRTA scrapes motor vehicle standing along right side,03 - MVA with Vehicle,Passing,Preventable,Y,2016-04-19 00:00:00,822,Gillig,2004.0,,65.0,M,Straight and Grade,Daylight,Snow,Wet,Intersection,Beechwood,Genesee St. @ Moran St.,16-208,-77.636061,43.14707689999999,,,21,103,17,8,5
723,2016-03-03 16:59:00,245,RGRTA Passing Moving Vehicle,"RGRTA cuts in and scrapes vehicle at right front, right side or rear",03 - MVA with Vehicle,Fixed Object,Preventable,Y,2016-04-19 00:00:00,1315,New Flyer,2012.0,,61.0,M,Straight and Level,Daylight,Clear,Dry,Address,0,139 Reynolds Street,16-322,-77.6263608,43.14699700000001,,,12,50,7,3,0
724,2014-09-29 09:16:00,239,Pedestrian collision,Miscellaneous,01 - Pedestrian Struck MVA,Pedestrians,Preventable,Y,2014-12-15 00:00:00,521,Gillig,2009.0,30.0,41.0,M,Straight and Level,Daylight,Clear,Dry,Address,0,139 Reynolds Street,14-1041,-77.6263608,43.14699700000001,,,12,50,7,3,0
725,2015-04-30 09:10:00,255,Vehicle Passing,Vehicle cuts in and scrapes RGRTA on left side,03 - MVA with Vehicle,0,Non-Preventable,N,,1320,New Flyer,2012.0,15.0,50.0,F,Straight and Level,Daylight,Clear,Dry,Address,0,410 Jefferson Ave.,15-803,-77.6287593,43.1468272,,,9,56,4,3,3
726,2018-03-14 14:52:00,166,Collisions with other motor vehicles,Miscellaneous,03 - MVA with Vehicle,0,Non-Preventable,N,,383,New Flyer,2013.0,32.0,54.0,M,Straight and Level,Daylight,"Sleet, Hail",Wet,Address,Browncroft,175 Genesee St,18-323,-77.6366537,43.1467803,,,18,93,9,0,0
727,2015-01-07 16:14:00,35,Vehicle Following,Miscellaneous,03 - MVA with Vehicle,0,Non-Preventable,N,,729,Gillig,2005.0,2.0,48.0,M,Curve and Level,Daylight,Other,Snow,Address,0,164 Alexander Street,15-017,-77.59740149999999,43.1466955,,,49,163,0,0,0
728,2017-12-26 19:11:00,389,Collisions with other motor vehicles,Miscellaneous,03 - MVA with Vehicle,Fixed Object,Preventable,Y,2018-07-02 00:00:00,1401,New Flyer,2013.0,,29.0,M,Straight and Grade,Dark,Snow,Slush,Intersection,Brown Square,Samuel McCree Way @ Jefferson Ave.,17-1693,-77.6290094,43.1466169,,,13,56,4,3,3
729,2018-05-20 16:34:00,321,Collisions with other motor vehicles,Miscellaneous,03 - MVA with Vehicle,Turning,Preventable,Y,2018-09-07 00:00:00,534,Gillig,2009.0,,49.0,M,,,,,Address,19th Ward,2175 Buffalo Road,18-626,-77.7093751,43.14661479999999,,,25,28,10,1,0
730,2016-07-26 18:17:00,116,Vehicle Following,RGRTA slows or stops to load or discharge,03 - MVA with Vehicle,0,Non-Preventable,N,,772,Gillig,2007.0,,48.0,F,Straight and Grade,Daylight,Clear,Dry,Intersection,Genesee-Jefferson,Genesee St. @ Samuel McCree Way,16-896,-77.6360579,43.1465979,,,23,108,10,9,8
731,2017-11-05 11:23:00,26,Collisions with other motor vehicles,Miscellaneous,03 - MVA with Vehicle,0,Non-Preventable,N,,1417,New Flyer,2013.0,5.0,68.0,F,Straight and Level,Daylight,Rain,Wet,Address,0,130 Pixley Road ,17-1458,-77.7087667,43.14658499999999,,,25,27,1,0,0
732,2015-11-06 17:26:00,4,Vehicle Passing,Vehicle cuts in and scrapes RGRTA on left side,03 - MVA with Vehicle,0,Non-Preventable,N,,1410,New Flyer,201.0,,63.0,M,Straight and Level,Dusk,Clear,Dry,Address,Maplewood,51 Winton Road,15-1653,-77.5547572,43.14647540000001,,,75,128,19,19,19
733,2016-05-14 16:42:00,35,Vehicle Passing,Vehicle cuts in and scrapes RGRTA on left side,03 - MVA with Vehicle,0,Non-Preventable,N,,1328,New Flyer,2012.0,7.0,49.0,M,Straight and Level,Daylight,Cloudy,Dry,Address,Beechwood,191 Genesee St,16-606,-77.6361945,43.14643460000001,,,23,103,10,7,6
734,2017-09-29 13:08:00,238,Collisions with other motor vehicles,Miscellaneous,03 - MVA with Vehicle,Fixed Object,Preventable,Y,2017-10-20 00:00:00,1321,New Flyer,2012.0,12.0,64.0,M,Straight and Level,Daylight,Rain,Wet,Address,Central Business District,163 Samuel McCree Way,17-1297,-77.6287679,43.146385,,,13,56,3,3,3
735,2017-07-10 17:53:00,319,Collisions with other motor vehicles,Miscellaneous,03 - MVA with Vehicle,0,Non-Preventable,N,,1604,NE FL,2016.0,,43.0,M,Straight and Level,Daylight,Clear,Dry,Address,Edgerton,1750 East Ave,17-922,-77.5560309,43.1461766,,,91,110,47,1,0
736,2016-10-17 14:52:00,150,Collisions with other motor vehicles,Miscellaneous,03 - MVA with Vehicle,General,Preventable,Y,2016-10-25 00:00:00,735,Gillig,2005.0,8.0,51.0,M,Straight and Level,Daylight,Clear,Dry,Address,0,544 Monroe Avenue,16-1239,-77.5926327,43.14613019999999,,,37,128,27,25,25
737,2016-01-22 12:00:00,43,Vehicle Passing,Vehicle cuts in and scrapes RGRTA on left side,03 - MVA with Vehicle,0,Non-Preventable,N,,539,Gillig,2009.0,20.0,55.0,M,Straight and Level,Daylight,Clear,Dry,Intersection,Charlotte,South Ave and Alexander St,16-092,-77.605481,43.1460565,,,20,133,9,8,8
738,2017-10-12 23:58:00,363,Collisions with other motor vehicles,Miscellaneous,03 - MVA with Vehicle,Turning,Preventable,Y,2018-01-25 00:00:00,916,Gillig,2011.0,4.0,52.0,F,Straight and Level,Daylight,Clear,Dry,Intersection,0,South Ave/ Alexander St,17-1360,-77.605481,43.1460565,,,20,133,9,8,8
739,2014-12-17 17:38:00,290,Collisions w/Other Objects,Miscellaneous,04 - MVA with Fixed Object,0,Non-Preventable,N,,1418,New Flyer,2013.0,,51.0,M,Straight and Level,"Dark, but Lighted",Clear,Dry,Address,0,1200 Brooks Ave  McDonalds,14-1425,-77.5590058,43.1458591,,,29,108,12,0,0
740,2018-01-14 14:20:00,312,Collisions with other motor vehicles,Miscellaneous,03 - MVA with Vehicle,Fixed Object,Preventable,Y,2018-01-26 00:00:00,1418,New Flyer,2013.0,0.0,28.0,M,Straight and Grade,Daylight,Other,Snow,Address,North Marketview Heights,56 Colby St.,18-048,-77.562254,43.1458533,,,4,41,0,0,0
741,2015-07-02 08:40:00,50,Vehicle Approaching From Angle,Vehicle approaches from left-both straight across,03 - MVA with Vehicle,0,Non-Preventable,N,,387,New Flyer,2013.0,,57.0,M,Straight and Level,Daylight,Cloudy,Dry,Address,Group 14621,185 Mt Hope Avenue,15-1090,-77.61038119999999,43.1457565,,,14,44,9,0,0
742,2015-05-17 14:04:00,252,Vehicle Passing,Vehicle cuts in and scrapes RGRTA on left side,03 - MVA with Vehicle,0,Non-Preventable,N,,917,Gillig,2011.0,15.0,49.0,M,Straight and Level,Daylight,Clear,Dry,Address,0,531 MONROE AVE.,15-887,-77.59279529999999,43.1456907,,,41,153,29,25,25
743,2016-03-09 14:08:00,193,Vehicle Approaching From Angle,Vehicle approaches from right-both straight across,03 - MVA with Vehicle,0,Non-Preventable,N,,1295,New Flyer,2011.0,8.0,39.0,F,Straight and Level,Daylight,Clear,Dry,Address,Group 14621,200 Genesee St,16-339,-77.6349084,43.1456568,,,10,100,2,0,0
744,2017-10-30 19:48:00,388,Collisions with other motor vehicles,Miscellaneous,03 - MVA with Vehicle,0,Non-Preventable,N,,1327,New Flyer,2012.0,,27.0,M,Straight and Level,Dark,Rain,Wet,Address,Beechwood,200 Genesee,17-1437,-77.6349084,43.1456568,,,10,100,2,0,0
745,2016-08-12 17:20:00,252,Pedestrian collision,Miscellaneous,10 - Other,Pedestrians,Preventable,Y,2016-09-28 00:00:00,1329,New Flyer,2012.0,,50.0,M,Straight and Grade,Daylight,Clear,Dry,Address,Maplewood,1844 East Avenue,16-960,-77.55459809999999,43.1455887,,,77,130,46,0,0
746,2015-03-14 10:10:00,2,Vehicle Passing,Vehicle cuts in and scrapes RGRTA on left side,03 - MVA with Vehicle,0,Non-Preventable,N,,1307,New Flyer,2012.0,10.0,69.0,M,Straight and Level,Daylight,Cloudy,Wet,Address,Group 14621,1717 East Ave.,15-508,-77.5586282,43.1454928,,,32,109,9,0,0
747,2017-09-16 12:14:00,298,Collisions with other motor vehicles,Miscellaneous,03 - MVA with Vehicle,Front End,Preventable,Y,2017-10-11 00:00:00,1311,New Flyer,2012.0,9.0,47.0,M,Straight with Hillcrest,Other,Other,Dry,Intersection,Maplewood,Winton Ave & East Ave,17-1224,-77.5554033,43.1454573,,,87,115,51,27,26
748,2016-03-17 22:44:00,129,Vehicle Approaching From Angle,Vehicle approaches from left-vehicle turns-RGRTA straight,03 - MVA with Vehicle,0,Non-Preventable,N,,515,Gillig,2009.0,7.0,52.0,M,Straight and Level,Dark,Rain,Wet,Intersection,Group 14621,East Ave and Winton Rd,16-379,-77.5554033,43.1454573,,,87,115,51,27,26
749,2015-02-19 08:34:00,199,Vehicle Approaching From Angle,Vehicle approaches from left-both straight across,03 - MVA with Vehicle,0,Non-Preventable,N,,917,Gillig,2011.0,20.0,41.0,F,Straight and Grade,Daylight,Snow,Snow,Intersection,Upper Falls,East ave at Winton ave,15-322,-77.5554033,43.1454573,,,87,115,51,27,26
750,2015-02-12 12:39:00,53,Collisions with other motor vehicles,Miscellaneous,03 - MVA with Vehicle,0,Non-Preventable,N,,1294,New Flyer,2011.0,1.0,52.0,M,Straight and Level,Daylight,Clear,Slush,Intersection,0,East Ave/North Winton Rd,15-271,-77.5554033,43.1454573,,,87,115,51,27,26
751,2017-06-27 07:27:00,58,Collisions with other motor vehicles,Miscellaneous,03 - MVA with Vehicle,0,Non-Preventable,N,,733,Gillig,2005.0,5.0,53.0,M,Straight and Grade,Daylight,Cloudy,Wet,Intersection,0,S.Winton Rd. / East Ave,17-844,-77.5554033,43.1454573,,,87,115,51,27,26
752,2016-12-03 08:44:00,189,Vehicle Following,RGRTA slows or stops to load or discharge,03 - MVA with Vehicle,0,Non-Preventable,N,,1291,New Flyer,2011.0,,60.0,M,Straight and Grade,Daylight,Rain,Wet,Intersection,0,Chili Ave. @ Thurston Rd.,16-1469,-77.6510145,43.1453129,,,30,76,29,28,25
753,2015-10-15 10:00:00,6,Vehicle Approaching From Angle,Vehicle approaches from right-both straight across,03 - MVA with Vehicle,0,Non-Preventable,N,,1411,New Flyer,2013.0,,67.0,M,,,,,Intersection,Maplewood,Chili Avenue @Thurston Road,15-1542,-77.6510145,43.1453129,,,30,76,29,28,25
754,2016-10-17 06:24:00,103,Collisions with other motor vehicles,Miscellaneous,03 - MVA with Vehicle,Encroachment,Preventable,Y,2017-05-04 00:00:00,544,Gillig,2009.0,11.0,57.0,M,Straight and Level,"Dark, but Lighted",Rain,Wet,Address,Brown Square,2550 Buffalo Road,16-1237,-77.7207512,43.1450514,,,5,37,4,3,0
755,2015-12-22 12:35:00,83,Vehicle Following,RGRTA slows or stops to load or discharge,03 - MVA with Vehicle,0,Non-Preventable,N,,536,Gillig,2009.0,10.0,47.0,M,Straight and Level,Daylight,Cloudy,Wet,Address,Genesee-Jefferson,636 Monroe Ave,15-1829,-77.59044899999999,43.1450332,,,40,93,8,6,4
756,2018-03-12 10:07:00,354,Collisions with other motor vehicles,Miscellaneous,03 - MVA with Vehicle,0,Non-Preventable,N,,388,New Flyer,2013.0,25.0,45.0,M,Straight and Level,Daylight,Cloudy,Wet,Address,Lyell-Otis,228 Mount Hope Avenue,18-317,-77.61027849999999,43.1448534,,,15,47,3,2,2
757,2016-06-22 19:05:00,309,Vehicle Passing,Vehicle cuts in and scrapes RGRTA on left side,03 - MVA with Vehicle,0,Non-Preventable,N,,386,New Flyer,2013.0,,33.0,F,Straight and Level,Daylight,Clear,Dry,Intersection,0,Mt Hope Ave & Hamilton St ,16-751,-77.61027849999999,43.1448534,,,15,47,3,2,2
758,2017-12-06 06:10:00,357,Passenger On Board Thrown By RGRTA Movement,Other part of equipment-passenger standing or walking,06 - On Board Injury/Incident,0,Non-Preventable,N,,1620,NE / FL,2016.0,,28.0,F,Straight and Level,Dark,Clear,Dry,Address,Brown Square,645 Clarissa Street,17-1594,-77.6160854,43.14413649999999,,,25,58,9,0,0
759,2015-08-28 07:32:00,47,Vehicle Passing,Vehicle cuts in and scrapes RGRTA on left side,03 - MVA with Vehicle,0,Non-Preventable,N,,1401,New Flyer,2013.0,11.0,44.0,M,Straight and Level,Daylight,Cloudy,Dry,Address,Beechwood,700 South Clinton ave,15-1300,-77.59997539999999,43.1438259,,,19,72,5,3,2
760,2015-11-02 16:22:00,293,Vehicle Following,RGRTA slows or stops to load or discharge,02 - MVA with Injuries,0,Non-Preventable,N,,509,Gillig,2009.0,,45.0,F,Straight and Level,Daylight,Clear,Dry,Address,Beechwood,810 Chili Avenue,15-1611,-77.6580287,43.1431682,,,25,42,16,0,0
761,2018-02-19 15:43:00,412,Collisions w/Fixed Objects,Miscellaneous,04 - MVA with Fixed Object,Fixed Object,Preventable,Y,2018-04-18 00:00:00,917,,,5.0,28.0,M,Straight and Level,Daylight,Cloudy,,Address,Maplewood,2291 Buffalo Road,18-232,-77.71357859999999,43.1428144,,,0,6,0,0,0
762,2018-01-12 22:18:00,112,Collisions with other motor vehicles,Miscellaneous,03 - MVA with Vehicle,0,Non-Preventable,N,,1619,NE / FL,2016.0,,41.0,M,Straight and Level,"Dark, but Lighted",Snow,Snow,Address,Edgerton,766 South Clinton Ave,18-041,-77.5987892,43.14278179999999,,,16,151,6,4,3
763,2015-09-19 16:39:00,274,Vehicle Following,RGRTA slows or stops to load or discharge,03 - MVA with Vehicle,0,Non-Preventable,N,,505,Gillig,2009.0,5.0,37.0,M,Straight and Grade,Daylight,Clear,Dry,Address,Central Business District,650 S Plymouth ave,15-1423,-77.619142,43.1427531,,,19,47,1,1,1
764,2016-10-28 15:11:00,103,Vehicle Following,RGRTA slows or stops to load or discharge,03 - MVA with Vehicle,0,Non-Preventable,N,,759,Gillig,2007.0,,57.0,M,Straight and Level,Daylight,Clear,Dry,Address,Culver-Winton-Main,1300 Genesee Park Blvd,16-1305 ,-77.658288,43.1426715,,,23,44,23,16,0
765,2016-11-09 18:30:00,249,Vehicle Passing,Vehicle cuts in and scrapes RGRTA on left side,03 - MVA with Vehicle,0,Non-Preventable,N,,1331,New Flyer,2012.0,2.0,41.0,M,Straight and Level,Daylight,Clear,Dry,Address,0,666 South Plymouth Avenue ,16-1353,-77.6189314,43.1425277,,,19,46,1,1,1
766,2018-04-24 11:07:00,192,Collisions with other motor vehicles,Miscellaneous,03 - MVA with Vehicle,0,Non-Preventable,N,,1801,,,,70.0,M,Straight and Grade,Daylight,Clear,Dry,Intersection,Lyell-Otis,South Ave @ Gregory St,18-508,-77.6043888,43.1419975,,,14,44,8,6,6
767,2015-09-29 11:10:00,113,RGRTA Passing Stationary Vehicle,RGRTA scrapes motor vehicle standing along right side,03 - MVA with Vehicle,Fixed Object,Preventable,Y,2015-12-02 00:00:00,1406,New Flyer,2013.0,8.0,43.0,M,Straight and Level,Daylight,Rain,Wet,Address,Edgerton,649 Jefferson Ave,15-1462,-77.629143,43.14187039999999,,,15,47,6,2,2
768,2015-11-16 17:15:00,161,Vehicle Approaching From Angle,Vehicle approaches from right-vehicle turns-RGRTA straight,03 - MVA with Vehicle,0,Non-Preventable,N,,508,Gillig,2009.0,,64.0,M,Straight and Level,"Dark, but Lighted",Clear,Dry,Address,0,813 South Clinton Avenue,15-1695,-77.59833090000001,43.1417624,,,18,140,5,3,3
769,2015-10-15 12:15:00,308,Thrown by movement of RGRTA stopping,"Passenger seated, being seated or rising from seat",06 - On Board Injury/Incident,0,Non-Preventable,N,,389,New Flyer,2013.0,,48.0,M,Straight and Level,Daylight,Clear,Dry,Intersection,Central Business District,Mt Hope @ Gregory St  ,15-1544,-77.61281249999999,43.1417599,,,30,72,11,7,6
770,2018-05-23 21:00:00,176,Collisions with other motor vehicles,Miscellaneous,03 - MVA with Vehicle,Fixed Object,Preventable,Y,2018-06-13 00:00:00,912,Gillig,2011.0,,54.0,M,Straight and Grade,,,,Address,Central Business District,666 Jefferson Ave.,18-650,-77.628694,43.141523,,,18,45,4,2,2
771,2015-04-10 15:45:00,280,Thrown by movement of RGRTA stopping,Front door area-passenger standing or walking,06 - On Board Injury/Incident,0,Non-Preventable,N,,526,Gillig,2009.0,,46.0,M,,Daylight,Clear,Dry,Intersection,Charles House Area Council,Culver and Norris,15-703,-77.5762859,43.141341,,,60,117,6,4,4
772,2016-04-18 17:12:00,94,Vehicle Passing,Vehicle cuts in and scraped RGRTA at left front while changing traffic lanes or making right turn,03 - MVA with Vehicle,0,Non-Preventable,N,,1409,New Flyer,2013.0,,46.0,M,Straight and Level,Daylight,Clear,Dry,Address,Neighborhood of the Arts,480 Genesee Street,16-495,-77.6357316,43.1407021,,,30,62,12,3,3
773,2018-01-17 17:11:00,390,Collisions with other motor vehicles,Miscellaneous,03 - MVA with Vehicle,0,Non-Preventable,N,,1311,New Flyer,2012.0,,36.0,M,Straight and Level,"Dark, but Lighted",Snow,Slush,Address,Group 14621,     495 Genesee St.,18-068,-77.637193,43.1406365,,,27,51,3,0,0
774,2018-03-17 15:41:00,331,Collisions with other motor vehicles,Miscellaneous,,0,Non-Preventable,N,,528,Gillig,2009.0,,33.0,M,Curve and Level,Daylight,,Dry,Address,Beechwood,    505 Mt. Hope Ave,18-336,-77.61451559999999,43.1405514,,,36,73,21,0,0
775,2014-12-02 09:15:00,15,Vehicle Passing,Vehicle cuts in and scrapes RGRTA on left side,03 - MVA with Vehicle,0,Non-Preventable,N,,367,New Flyer,2010.0,15.0,74.0,M,Curve and Grade,Daylight,Clear,Dry,Address,Beechwood,505 Mt Hope Ave,14-1332,-77.61451559999999,43.1405514,,,36,73,21,0,0
776,2017-04-11 11:06:00,197,RGRTA Passing Stationary Vehicle,RGRTA collides with door of vehicle standing on right side,03 - MVA with Vehicle,0,Non-Preventable,N,,390,New Flyer,2013.0,15.0,56.0,M,Straight and Level,Daylight,Cloudy,Dry,Address,0,773 South Avenue,17-342,-77.605468,43.140325,,,17,52,4,3,0
777,2016-08-30 17:12:00,21,Collisions w/Fixed Objects,Miscellaneous,04 - MVA with Fixed Object,0,Non-Preventable,N,,917,Gillig,2011.0,3.0,52.0,M,Straight and Grade,Daylight,Clear,Dry,Address,Central Business District,277 Winton Rd ,16-1013,-77.5585186,43.14022569999999,,,3,28,1,0,0
778,2016-11-17 07:32:00,24,Vehicle Following,RGRTA slows or stops to load or discharge,03 - MVA with Vehicle,0,Non-Preventable,N,,369,New Flyer,2010.0,15.0,63.0,M,Straight and Grade,Daylight,Clear,Dry,Address,0,512 Mt. Hope Ave.,16-1397,-77.6135381,43.139941,,,36,74,23,2,0
779,2014-09-29 18:31:00,302,Vehicle Passing,Vehicle cuts in and scrapes RGRTA on left side,03 - MVA with Vehicle,0,Non-Preventable,N,,759,Gillig,2007.0,,35.0,F,Straight and Level,Daylight,Clear,Dry,Address,0,743 Jefferson avenue,14-1060,-77.6289499,43.1398656,,,16,47,6,3,3
780,2017-12-20 09:20:00,171,Collisions with other motor vehicles,Miscellaneous,03 - MVA with Vehicle,0,Non-Preventable,N,,1621,NE / FL,2016.0,,49.0,M,Straight and Level,Daylight,Clear,Dry,Address,0,729 South Goodman ,17-1663,-77.59639419999999,43.1395906,,,51,129,33,32,20
781,2016-07-07 06:45:00,168,Vehicle Passing,Vehicle cuts in and scrapes RGRTA on left side,03 - MVA with Vehicle,0,Non-Preventable,N,,769,Gillig,2007.0,10.0,52.0,M,Straight and Level,Daylight,Clear,Dry,Address,Beechwood,960 Clinton Ave,16-788,-77.5955773,43.139529,,,54,128,39,33,1
782,2018-02-12 09:12:00,309,Vehicle Following,RGRTA slows or stops for traffic signal changes,03 - MVA with Vehicle,0,Non-Preventable,N,,903,Gillig,2011.0,,35.0,F,Straight and Level,Daylight,Clear,Dry,Address,0,S. Goodman Ave,18-191,-77.5963036,43.139295,,,48,128,38,33,0
783,2016-07-07 17:43:00,41,Vehicle Passing,Vehicle cuts in and scrapes RGRTA on left side,03 - MVA with Vehicle,0,Non-Preventable,N,,901,Gillig,2011.0,3.0,66.0,M,Straight and Level,Daylight,Clear,Dry,Intersection,Plymouth-Exchange,S Plymouth Ave & Flint St,16-800,-77.62300160000001,43.139125,,,3,32,2,2,2
784,2016-12-07 17:14:00,10,Vehicle Passing,Vehicle cuts in and scrapes RGRTA on left side,03 - MVA with Vehicle,0,Non-Preventable,N,,364,New Flyer,2010.0,,62.0,F,Straight and Grade,Dark,Clear,Dry,Address,Group 14621,833 South Ave.,16-1492,-77.60613029999999,43.1391103,,,15,48,7,5,5
785,2018-01-02 15:02:00,93,Collisions with other motor vehicles,Miscellaneous,03 - MVA with Vehicle,0,Non-Preventable,N,,1321,New Flyer,2012.0,6.0,57.0,M,Straight and Level,Daylight,Snow,Slush,Address,Central Business District,1018 S Clinton Ave,18-003,-77.5948239,43.138549,,,47,120,8,2,1
786,2016-08-12 19:10:00,302,RGRTA Passing Stationary Vehicle,RGRTA collides with door of vehicle standing on right side,03 - MVA with Vehicle,0,Non-Preventable,N,,908,Gillig,2011.0,3.0,37.0,F,Straight and Level,Daylight,Clear,Dry,Address,0,348 Thurston Rd,16-938,-77.6508151,43.1381413,,,15,44,11,6,4
787,2016-02-29 15:03:00,113,Collisions with other motor vehicles,Miscellaneous,03 - MVA with Vehicle,0,Non-Preventable,N,,752,Gillig,2007.0,5.0,44.0,M,Straight and Level,Daylight,Clear,Dry,Address,Central Business District,628 Genesee Street ,16-294,-77.6356551,43.1376197,,,17,58,6,1,0
788,2015-04-04 18:17:00,280,Collisions w/Fixed Objects,Miscellaneous,04 - MVA with Fixed Object,0,Non-Preventable,N,,814,Gillig,2004.0,6.0,46.0,M,Straight and Grade,,,,Address,Neighborhood of the Arts,555 Penfield Rd.,15-637,-77.52383689999999,43.13746769999999,,,3,8,1,0,0
789,2016-12-05 17:11:00,276,Vehicle Following,RGRTA slows or stops to load or discharge,03 - MVA with Vehicle,0,Non-Preventable,N,,505,Gillig,2009.0,,38.0,M,Straight and Level,"Dark, but Lighted",Clear,Dry,Address,Central Business District,1013 South Plymouth Avenue,16-1480,-77.62563349999999,43.1373612,,,10,32,6,3,3
790,2014-12-19 11:35:00,175,Vehicle Following,RGRTA slows or stops to load or discharge,02 - MVA with Injuries,0,Non-Preventable,N,,1406,New Flyer,2013.0,5.0,42.0,M,Straight and Level,Daylight,Cloudy,Dry,Address,19th Ward,1020 S. Plymouth Ave.,14-1435,-77.6257534,43.1370332,,,8,28,4,3,3
791,2016-09-07 13:38:00,275,Vehicle Following,RGRTA slows or stops for other reasons,03 - MVA with Vehicle,0,Non-Preventable,N,,1621,NE / FL,2016.0,10.0,39.0,M,Straight and Level,Daylight,Clear,Dry,Address,Maplewood,1020 South Plymouth Ave,16-1038,-77.6257534,43.1370332,,,8,28,4,3,3
792,2017-05-18 08:35:00,62,Non-Collision Incidents,Miscellaneous,05 - Boarding or Alighting Injury/Incide,Passenger,Preventable,Y,2017-09-06 00:00:00,908,Gillig,2011.0,10.0,63.0,M,Straight and Level,Daylight,Cloudy,Dry,Intersection,0,Winton Rd at Highland Ave,17-483,-77.5600039,43.13681620000001,,,9,10,6,6,5
793,2015-09-04 06:43:00,75,RGRTA Passing Moving Vehicle,RGRTA cuts in and scrapes vehicle to make right turn,03 - MVA with Vehicle,Encroachment,Preventable,Y,2015-09-30 00:00:00,1324,New Flyer,2012.0,6.0,58.0,F,Straight and Level,Daylight,Clear,Dry,Address,0,Genesee street,15-1333,-77.6359998,43.1366717,,,18,65,4,2,2