,accdate,Operator_ID,AccTypeCodeDescr,AccSubTypeCodeDescr,acctype,BAITFISH Code,AccPreventable,Retraining,RetrainingDate,vehbusno,vehmake,vehyear,VehNoOccupants,Drv_Age,CoDrvSex,Roadway,RoadwayLightConditions,RoadwayWeather,RoadwaySurface,Addr_Type,Neighborhood,LocAddr1,FileNumber,Longitude,Latitude,Unnamed: 25,Unnamed: 26,n_accidents_in_0.003,n_accidents_in_0.006,n_accidents_in_0.0015,n_accidents_in_0.00075,n_accidents_in_0.0005
794,2015-02-16 08:40:00,86,Collisions with other motor vehicles,Miscellaneous,03 - MVA with Vehicle,0,Non-Preventable,N,,1329,New Flyer,2012.0,9.0,41.0,M,Straight and Grade,Daylight,Clear,Snow,Address,Upper Falls,Woodbine ave,15-302,-77.6453643,43.1366391,,,8,32,3,2,2
795,2016-12-03 14:21:00,237,Thrown by movement of RGRTA stopping,Front door area-passenger standing or walking,06 - On Board Injury/Incident,0,Non-Preventable,N,,542,Gillig,2009.0,,51.0,M,Straight and Level,Daylight,Rain,Wet,Address,Neighborhood of the Arts,898 Jefferson Avenue,16-1464,-77.6286721,43.1365748,,,9,36,3,3,3
796,2014-12-02 13:00:00,16,Vehicle Passing,Vehicle on left caught by RGRTA turning left or right,03 - MVA with Vehicle,0,Non-Preventable,N,,763,Gillig,2007.0,1.0,63.0,M,Straight and Level,Daylight,Cloudy,Dry,Address,Central Business District,447 Thurston Rd.,14-1333,-77.6513717,43.1360956,,,16,40,7,2,0
797,2016-02-03 18:02:00,76,Vehicle Passing,Vehicle cuts in and scrapes RGRTA on right side,03 - MVA with Vehicle,0,Non-Preventable,N,,1321,New Flyer,2012.0,,48.0,M,Curve with Hillcrest,Dark,Clear,Dry,Address,Lyell-Otis,South Avenue,16-141                        ,-77.6075628,43.135953,,,16,30,11,3,2
798,2017-07-15 16:03:00,329,Collisions with other motor vehicles,Miscellaneous,03 - MVA with Vehicle,0,Non-Preventable,N,,531,Gillig,2009.0,,37.0,M,Straight and Level,Daylight,Clear,Dry,Address,Group 14621,464 Thurston Rd,17-940,-77.6506146,43.1357704,,,18,41,5,2,0
799,2015-02-17 09:05:00,238,Collisions with other motor vehicles,Miscellaneous,03 - MVA with Vehicle,Encroachment,Preventable,Y,2015-06-09 00:00:00,908,Gillig,2011.0,4.0,61.0,M,Straight and Level,Daylight,Clear,Wet,Address,West Irondequoit,948 Jeffeson Av.,15-307,-77.6286806,43.1357075,,,9,33,7,2,0
800,2018-02-09 14:15:00,288,Collisions with other motor vehicles,Miscellaneous,03 - MVA with Vehicle,0,Non-Preventable,N,,520,Gillig,2009.0,,48.0,M,Straight and Level,Daylight,Snow,Slush,Address,0,   1000 South Ave,18-179,-77.605817,43.1355317,,,16,29,0,0,0
801,2015-03-10 06:56:00,90,RGRTA Passing Stationary Vehicle,RGRTA scrapes motor vehicle standing along left side,03 - MVA with Vehicle,Fixed Object,Preventable,Y,2015-06-11 00:00:00,734,Gillig,2005.0,7.0,58.0,F,Curve and Level,Daylight,Cloudy,Ice,Address,0,251 Cottage st.,15-486,-77.62956059999999,43.1354648,,,8,29,4,0,0
802,2015-05-12 11:15:00,55,Vehicle Following,RGRTA slows or stops to load or discharge,03 - MVA with Vehicle,0,Non-Preventable,N,,914,Gillig,2011.0,,62.0,F,Curve and Level,Daylight,Cloudy,Dry,Intersection,South Wedge,Genesee St & Sawyer St,15-851,-77.6359961,43.13502769999999,,,21,58,11,9,6
803,2016-06-25 07:30:00,152,Vehicle Approaching From Angle,Vehicle approaches from left-both straight across,02 - MVA with Injuries,0,Non-Preventable,N,,524,,,17.0,55.0,M,Straight and Level,Daylight,Clear,Dry,Address,Central Business District,2150 Chili Ave,16-762,-77.6918163,43.13216569999999,,,1,34,0,0,0
804,2018-05-21 14:36:00,172,Collisions with other motor vehicles,Miscellaneous,03 - MVA with Vehicle,Passing,Preventable,Y,2018-06-14 00:00:00,1322,New Flyer,2012.0,,69.0,M,Other,Daylight,Clear,Dry,Address,Central Business District,2150 Chili Ave.,18-638,-77.6918163,43.13216569999999,,,1,34,0,0,0
805,2016-05-06 06:22:00,70,Vehicle Passing,Vehicle cuts in and scrapes RGRTA on left side,03 - MVA with Vehicle,0,Non-Preventable,N,,511,Gillig,2009.0,0.0,46.0,M,Straight and Level,Daylight,Clear,Dry,Address,Dutchtown,659 Thurston Rd.,16-558,-77.651297,43.13158,,,19,59,15,0,0
806,2015-06-10 15:10:00,162,Thrown by movement of RGRTA stopping,Miscellaneous,06 - On Board Injury/Incident,0,Non-Preventable,N,,525,,,,40.0,F,,Daylight,,,Address,Central Business District,South Clinton Avenue,15-993,-77.590327,43.1309718,,,5,17,5,0,0
807,2014-08-28 07:58:00,72,Vehicle Passing,Vehicle cuts in and scrapes RGRTA on left side,03 - MVA with Vehicle,0,Non-Preventable,N,,1413,New Flyer,2013.0,5.0,46.0,F,Straight and Level,Daylight,Cloudy,Dry,Address,0,243 Brooks Ave,14-920,-77.6417613,43.1308841,,,1,33,0,0,0
808,2016-08-17 11:40:00,27,Collisions with other motor vehicles,Miscellaneous,03 - MVA with Vehicle,0,Non-Preventable,N,,381,New Flyer,2013.0,,61.0,M,Straight and Grade,Daylight,Clear,Dry,Address,0,Mt Hope Ave,16-962,-77.614053,43.1308777,,,15,58,13,11,0
809,2015-08-26 06:10:00,134,Vehicle Approaching From Angle,Vehicle approaches from left-vehicle turns-RGRTA straight,03 - MVA with Vehicle,0,Non-Preventable,N,,514,Gillig,2009.0,11.0,54.0,M,Straight and Level,Daylight,Cloudy,Dry,Address,North Winton Village,Mt.Hope ave,15-1290,-77.614053,43.1308777,,,15,58,13,11,0
810,2015-02-17 08:35:00,62,Collisions with other motor vehicles,Miscellaneous,03 - MVA with Vehicle,Encroachment,Preventable,Y,2015-06-08 00:00:00,1415,New Flyer,2013.0,5.0,61.0,M,Straight and Grade,Daylight,Cloudy,Wet,Address,Central Business District,2184 Chili Ave,15-306,-77.6921517,43.13087729999999,,,17,33,0,0,0
811,2015-10-28 06:36:00,75,Vehicle Approaching From Angle,Vehicle approaches from right-vehicle turns-RGRTA straight,03 - MVA with Vehicle,0,Non-Preventable,N,,1303,New Flyer,2012.0,5.0,58.0,F,Straight and Grade,"Dark, but Lighted",Rain,Wet,Intersection,Central Business District,Brooks ave at Maxwell street,15-1591,-77.6625057,43.1308771,,,79,103,34,0,0
812,2014-11-27 16:25:00,218,Vehicle Following,RGRTA slows or stops to make turns,03 - MVA with Vehicle,0,Non-Preventable,N,,528,Gillig,2009.0,7.0,42.0,F,Straight and Level,Dusk,Clear,Wet,Address,United Neighbors Together,361 Brooks Ave,14-1318,-77.64499909999999,43.1307723,,,12,25,6,6,4
813,2015-01-26 20:52:00,19,Pedestrian collision,Miscellaneous,01 - Pedestrian Struck MVA,0,Non-Preventable,N,,538,Gillig,2009.0,5.0,63.0,M,Straight and Grade,"Dark, but Lighted",Snow,Slush,Address,Central Business District,361 Brooks Avenue,15-120,-77.64499909999999,43.1307723,,,12,25,6,6,4
814,2018-04-03 15:05:00,213,Collisions with other motor vehicles,Miscellaneous,03 - MVA with Vehicle,0,Non-Preventable,N,2018-04-19 00:00:00,517,Gillig,2009.0,,60.0,M,Straight and Grade,,,,Intersection,0,University at Scio St. intersection,18-419,-77.6260033,43.1305531,,,0,3,0,0,0
815,2018-01-19 10:13:00,319,Vehicle Passing,Vehicle cuts in and scraped RGRTA at left front while changing traffic lanes or making right turn,03 - MVA with Vehicle,0,Non-Preventable,N,,1413,New Flyer,2013.0,10.0,43.0,M,Straight and Level,Daylight,Clear,Wet,Intersection,Beechwood,South Ave @ Highland Ave,18-082,-77.6108878,43.1301357,,,13,30,7,7,7
816,2015-05-02 06:20:00,282,Vehicle Passing,Vehicle cuts in and scrapes RGRTA on left side,03 - MVA with Vehicle,0,Non-Preventable,Y,,525,Gillig,2009.0,,52.0,F,Straight and Level,Daylight,Clear,Dry,Address,Group 14621,1605 Brooks Ave,15-815,-77.6800076,43.13013309999999,,,7,12,6,1,0
817,2017-04-13 16:35:00,70,Collisions with other motor vehicles,Miscellaneous,03 - MVA with Vehicle,Turning,Preventable,Y,2017-09-06 00:00:00,1304,New Flyer,2012.0,,47.0,M,Straight and Level,Daylight,Clear,Dry,Address,0,1000 GENESEE ST.,17-367,-77.6354027,43.1299293,,,24,48,3,0,0
818,2015-08-31 14:19:00,216,Vehicle Passing,Vehicle cuts in and scrapes RGRTA on left side,03 - MVA with Vehicle,0,Non-Preventable,N,,912,Gillig,2011.0,,44.0,M,Straight with Hillcrest,Daylight,Clear,Dry,Address,United Neighbors Together,1039 Genesee Street,15-1313,-77.6369606,43.1296927,,,20,56,9,5,0
819,2015-02-09 12:24:00,161,Collisions w/Fixed Objects,Miscellaneous,04 - MVA with Fixed Object,Fixed Object,Preventable,Y,2015-04-02 00:00:00,515,Gillig,2009.0,,63.0,M,,Daylight,Snow,Snow,Address,Beechwood,"Lane 15, Garage B",15-227,-77.6668503,43.1288482,,,16,28,0,0,0
820,2015-06-09 08:02:00,193,Collisions with other motor vehicles,Miscellaneous,03 - MVA with Vehicle,0,Non-Preventable,N,,387,New Flyer,2013.0,60.0,38.0,F,Straight and Grade,Daylight,Cloudy,Dry,Address,Central Business District,Mt Hope ave by the Mt. Hope cemetery,15-980,-77.62067689999999,43.1286526,,,0,18,0,0,0
821,2017-06-03 17:42:00,362,Collisions with other motor vehicles,Miscellaneous,03 - MVA with Vehicle,0,Non-Preventable,N,,1305,New Flyer,2012.0,,38.0,M,Straight with Hillcrest,Daylight,Clear,Dry,Address,0,1090 Genesee St.,17-618,-77.6368103,43.128571,,,15,58,6,6,0
822,2016-03-15 19:40:00,192,Collisions w/Fixed Objects,Miscellaneous,04 - MVA with Fixed Object,0,Non-Preventable,N,,919,Gillig,2011.0,,68.0,M,Straight and Level,Dark,Clear,Dry,Address,Beechwood,887 Woodbine Ave.,16-371,-77.64539189999999,43.1284776,,,11,34,2,0,0
823,2017-12-20 16:47:00,383,RGRTA Passing Stationary Vehicle,RGRTA scrapes motor vehicle standing along right side,03 - MVA with Vehicle,Fixed Object,Preventable,Y,2018-01-12 00:00:00,1616,NE / FL,2016.0,,36.0,M,Straight and Level,"Dark, but Lighted",Clear,Dry,Address,0,1200 Brooks Ave,17-1666,-77.6652412,43.1274664,,,0,22,0,0,0
824,2016-10-04 10:22:00,7,Thrown by movement of RGRTA running,Other part of equipment-passenger standing or walking,06 - On Board Injury/Incident,0,Non-Preventable,N,,1321,New Flyer,2012.0,,61.0,M,,Daylight,Clear,Dry,Intersection,19th Ward,Monroe Ave @ Winton Rd.,16-1168,-77.56537,43.127072,,,36,50,31,21,7
825,2015-02-11 17:48:00,22,Vehicle Following,RGRTA slows or stops to load or discharge,03 - MVA with Vehicle,0,Non-Preventable,N,,507,Gillig,2009.0,2.0,73.0,M,Straight and Level,"Dark, but Lighted",Cloudy,Wet,Intersection,Beechwood,S.WINTON ROAD @ MONROE AVE.,15-266,-77.56537,43.127072,,,36,50,31,21,7
826,2018-03-28 09:03:00,275,Collisions with other motor vehicles,Miscellaneous,03 - MVA with Vehicle,0,Non-Preventable,N,,369,New Flyer,2010.0,7.0,40.0,M,Curve with Hillcrest,Daylight,Clear,Wet,Address,0,1174 MT Hope Ave,18-389,-77.6159697,43.1270506,,,17,98,14,5,5
827,2017-09-10 15:45:00,295,Collisions with other motor vehicles,Miscellaneous,03 - MVA with Vehicle,0,Non-Preventable,N,,1292,New Flyer,2011.0,,28.0,M,Straight and Level,Daylight,Clear,Dry,Address,Strong,1187 Genesee St,17-1212,-77.6385279,43.1269859,,,23,42,19,3,1
828,2016-01-12 14:00:00,73,Thrown by movement of RGRTA running,Front door area-passenger standing or walking,06 - On Board Injury/Incident,0,Non-Preventable,N,,538,Gillig,2009.0,,59.0,M,,,,,Intersection,Park Avenue,Genesee Park Blvd at Woodbine Avenue,16-060,-77.6451271,43.1263419,,,9,30,3,1,1
829,2017-07-21 10:56:00,342,Collisions with other motor vehicles,Miscellaneous,03 - MVA with Vehicle,0,Non-Preventable,N,,915,Gillig,2011.0,3.0,51.0,M,Straight and Level,Daylight,Clear,Dry,Intersection,North Marketview Heights,Elmwood Ave at Hollywood Ave,17-962,-77.5680457,43.12633049999999,,,13,54,4,4,4
830,2016-05-07 09:31:00,42,Passenger injury after alighting,Miscellaneous,05 - Boarding or Alighting Injury/Incide,Passenger,Preventable,Y,2016-09-28 00:00:00,516,Gillig,2009.0,,64.0,M,Straight and Level,Daylight,Clear,Dry,Address,0,89 Genesee Park Blvd,16-576,-77.64157399999999,43.1261361,,,23,43,3,0,0
831,2016-03-24 07:40:00,55,Vehicle Operating Ahead,Miscellaneous,03 - MVA with Vehicle,0,Non-Preventable,N,,1413,New Flyer,2013.0,4.0,63.0,F,Straight and Level,Daylight,Rain,Wet,Address,19th Ward,Elmwood Ave.,16-403,-77.58525589999999,43.1258294,,,9,14,2,2,2
832,2014-08-27 16:30:00,61,Collisions w/Other Objects,"Equipment used for repair, construction, or maintenance",04 - MVA with Fixed Object,Fixed Object,Preventable,Y,2014-09-16 00:00:00,1409,New Flyer,2013.0,4.0,51.0,M,Straight and Grade,Daylight,Clear,Dry,Address,Beechwood,Elmwood Ave.,14-914,-77.58525589999999,43.1258294,,,9,14,2,2,2
833,2016-02-25 16:20:00,64,Vehicle Following,"RGRTA slows or stops for traffic (railroad crossing, stop street, traffic officer)",03 - MVA with Vehicle,0,Non-Preventable,N,,1303,New Flyer,2012.0,9.0,59.0,M,Straight with Hillcrest,Dusk,Snow,Slush,Address,19th Ward,44 Elmwood Ave,16-283,-77.6380353,43.125788,,,23,40,22,0,0
834,2017-08-08 09:01:00,119,Collisions with other motor vehicles,Miscellaneous,03 - MVA with Vehicle,0,Non-Preventable,N,,1310,New Flyer,2012.0,,55.0,M,Straight and Level,Daylight,Clear,Dry,Address,Beechwood,1727 Elmwood Avenue,17-1055,-77.58964069999999,43.1257081,,,6,35,2,2,2
835,2016-02-19 16:57:00,281,Collisions w/Other Objects,Miscellaneous,04 - MVA with Fixed Object,Fixed Object,Preventable,Y,2016-04-19 00:00:00,919,Gillig,2011.0,,36.0,M,Other,"Dark, but Lighted",Clear,Wet,Address,Beechwood,120 Trustee Rd,16-242,-77.629812,43.1251809,,,17,47,1,0,0
836,2018-05-24 15:07:00,383,Collisions with other motor vehicles,Miscellaneous,,0,Non-Preventable,N,,903,Gillig,2011.0,,37.0,M,Straight and Grade,,,,Address,Central Business District,Outbound Genesse St,18-679,-77.63987630000001,43.1247733,,,22,38,0,0,0
837,2016-08-03 12:15:00,59,Vehicle Following,"RGRTA slows or stops for traffic (railroad crossing, stop street, traffic officer)",03 - MVA with Vehicle,0,Non-Preventable,N,,1604,NE FL,2016.0,,54.0,F,Straight and Level,Daylight,Clear,Ice,Address,Central Business District,789 Elmwood Ave Mt,16-898,-77.6169838,43.1243431,,,52,123,43,0,0
838,2015-10-10 15:20:00,241,Vehicle Approaching From Angle,Vehicle approaches from left-vehicle turns-RGRTA straight,03 - MVA with Vehicle,0,Non-Preventable,N,,1406,New Flyer,2013.0,,43.0,M,Straight and Level,Daylight,Clear,Dry,Address,Central Business District,1815 S Clinton ave,15-1511,-77.59498409999999,43.1241195,,,6,37,0,0,0
839,2017-02-27 14:15:00,73,Vehicle Following,RGRTA slows or stops to load or discharge,03 - MVA with Vehicle,0,Non-Preventable,N,,1418,New Flyer,2013.0,,60.0,M,Straight with Hillcrest,Daylight,Clear,Dry,Address,0,635 Elmwood Ave,17-198,-77.6221207,43.1240191,,,7,87,4,1,0
840,2016-08-23 19:00:00,174,Collisions w/Other Objects,"Fixed object (lamp posts, poles, etc.)",04 - MVA with Fixed Object,Fixed Object,Preventable,Y,2016-09-27 00:00:00,1332,New Flyer,2012.0,,44.0,M,,,,,Address,Culver-Winton-Main,625 Elmwood Avenue ,16-978,-77.6222385,43.1239927,,,7,86,4,1,0
841,2018-02-02 15:47:00,308,Collisions with other motor vehicles,Miscellaneous,03 - MVA with Vehicle,0,Non-Preventable,N,,1417,New Flyer,2013.0,5.0,51.0,M,Straight and Level,Daylight,Clear,Wet,Address,Highland,625 Elmwood Ave,18-153,-77.6222385,43.1239927,,,7,86,4,1,0
842,2015-09-01 08:10:00,63,Collisions with other motor vehicles,Miscellaneous,03 - MVA with Vehicle,0,Non-Preventable,N,,1295,New Flyer,2011.0,10.0,51.0,M,Straight and Level,Daylight,Cloudy,Dry,Address,0,1340 Mt Hope Ave,15-1307,-77.6176111,43.12381999999999,,,49,122,47,0,0
843,2014-08-28 10:40:00,172,Collisions w/Fixed Objects,Miscellaneous,04 - MVA with Fixed Object,Fixed Object,Preventable,Y,2014-09-16 00:00:00,1404,New Flyer,2013.0,,65.0,M,,Daylight,Clear,Dry,Intersection,North Marketview Heights,Wilson Blvd at Elmwood,14-937,-77.6314818,43.1237303,,,35,47,19,18,18
844,2015-08-18 10:20:00,165,Collisions w/Fixed Objects,Miscellaneous,04 - MVA with Fixed Object,Fixed Object,Preventable,Y,2015-09-01 00:00:00,1407,New Flyer,2013.0,5.0,59.0,M,Straight with Hillcrest,Daylight,Clear,Dry,Intersection,Neighborhood of the Arts,Wilson Blvd at Elmwood Ave,15-1255,-77.6314818,43.1237303,,,35,47,19,18,18
845,2017-04-16 14:15:00,356,Vehicle Operating Ahead,Vehicle slows or stops after overtaking and passing for traffic or other reasons,03 - MVA with Vehicle,Front End,Preventable,Y,2017-09-07 00:00:00,522,Gillig,2009.0,,47.0,M,Straight and Level,Daylight,Clear,Dry,Address,Central Business District,1347 Mt.Hope Ave,17-344,-77.6184667,43.1234909,,,66,115,6,6,0
846,2015-03-25 23:08:00,22,RGRTA Passing Stationary Vehicle,RGRTA scrapes motor vehicle standing along left side,03 - MVA with Vehicle,Encroachment,Preventable,Y,2015-10-16 00:00:00,1323,New Flyer,2012.0,3.0,74.0,M,Other,Dark,Clear,Dry,Address,Upper Falls,Strong Hospital Loop,15-533,-77.623421,43.12336,,,6,21,1,0,0
847,2017-11-21 06:40:00,275,Vehicle Operating Ahead,Miscellaneous,03 - MVA with Vehicle,Encroachment,Preventable,Y,2017-12-27 00:00:00,548,Gillig,2009.0,,40.0,M,Straight and Level,Daylight,Clear,Dry,Address,0,1150 South Winton Road,17-1516,-77.5655242,43.1231961,,,5,55,0,0,0
848,2017-01-20 06:15:00,350,Vehicle Passing,Miscellaneous,03 - MVA with Vehicle,0,Non-Preventable,N,,1320,New Flyer,2012.0,2.0,46.0,F,Straight and Level,"Dark, but Lighted",Clear,Dry,Intersection,0,Mt Hope Ave & Celebration Dr,17-090,-77.6182165,43.1231445,,,72,118,6,6,6
849,2018-06-27 13:58:00,83,Collisions w/Fixed Objects,Miscellaneous,04 - MVA with Fixed Object,Fixed Object,Preventable,Y,2018-09-07 00:00:00,1314,New Flyer,2012.0,,50.0,M,Straight and Level,Daylight,Cloudy,Wet,Address,0,2125 - 2157 Monroe Ave,18-785,-77.561077,43.1226551,,,9,17,3,2,0
850,2017-07-31 10:05:00,18,Vehicle Approaching From Angle,Miscellaneous,03 - MVA with Vehicle,Encroachment,Preventable,Y,2017-09-07 00:00:00,525,Gillig,2009.0,8.0,57.0,M,Straight and Level,Daylight,Clear,Dry,Address,0,601 Elmwood Ave,17-1015,-77.6256895,43.1226333,,,5,34,0,0,0
851,2016-11-01 19:27:00,365,Collisions w/Fixed Objects,Miscellaneous,04 - MVA with Fixed Object,Fixed Object,Preventable,Y,2017-09-06 00:00:00,1291,New Flyer,2011.0,4.0,47.0,F,Straight and Level,"Dark, but Lighted",Clear,Dry,Address,Central Business District,601 Elmwood Ave ,16-1318,-77.6256895,43.1226333,,,5,34,0,0,0
852,2015-09-17 18:45:00,323,Vehicle Following,RGRTA slows or stops to make turns,03 - MVA with Vehicle,Encroachment,Preventable,Y,2015-12-02 00:00:00,1404,New Flyer,2013.0,,40.0,M,Curve and Level,Dusk,Clear,Dry,Address,0,601 Elmwood Avenue,15-1415,-77.6256895,43.1226333,,,5,34,0,0,0
853,2014-12-27 13:44:00,186,Vehicle Approaching From Angle,Miscellaneous,03 - MVA with Vehicle,Turning,Preventable,Y,2015-01-29 00:00:00,1314,New Flyer,2012.0,0.0,39.0,M,Curve and Grade,Daylight,Clear,Dry,Address,0,601 Elmwood Ave. (Thomas H. Jackson Dr. Strong Hos,14-1467,-77.6256413,43.12259299999999,,,5,35,0,0,0
854,2016-12-27 19:05:00,334,Vehicle Approaching From Angle,Vehicle approaches from left-vehicle turns-RGRTA straight,03 - MVA with Vehicle,0,Non-Preventable,N,,389,New Flyer,2013.0,26.0,39.0,F,Straight and Level,"Dark, but Lighted",Clear,Dry,Address,Group 14621,1400 Mt Hope Ave,16-1609,-77.6183049,43.1223846,,,36,103,13,0,0
855,2016-03-03 16:29:00,157,Vehicle Passing,Vehicle cuts in and scrapes RGRTA on left side,03 - MVA with Vehicle,0,Non-Preventable,N,,1306,New Flyer,2012.0,5.0,42.0,M,Straight and Level,Daylight,Clear,Dry,Address,19th Ward,260 Crittenden Blvd,16-320,-77.62643899999999,43.12194299999999,,,5,32,1,1,0
856,2016-03-29 07:35:00,128,Vehicle Passing,Vehicle cuts in and scrapes RGRTA on left side,03 - MVA with Vehicle,0,Non-Preventable,N,,1308,New Flyer,2012.0,20.0,53.0,M,Straight and Level,Daylight,Clear,Dry,Address,0,263 Crittenden Blvd  (Mental Health Wellness bust ,16-429,-77.6271711,43.1219387,,,9,30,1,0,0
857,2018-05-21 11:12:00,254,Collisions w/Fixed Objects,Miscellaneous,04 - MVA with Fixed Object,Fixed Object,Preventable,Y,2018-06-14 00:00:00,1811,,,4.0,39.0,M,Straight and Level,Daylight,Clear,Dry,Address,Maplewood,Rue De Ville & Lac De Ville,18-636,-77.5902764,43.1218447,,,0,9,0,0,0
858,2015-05-12 07:15:00,42,Passenger On Board Thrown By RGRTA Movement,Other part of equipment-passenger standing or walking,06 - On Board Injury/Incident,0,Non-Preventable,N,,501,Gillig,2009.0,10.0,63.0,M,Straight and Level,Daylight,Clear,Dry,Intersection,Central Business District,East Dr at Crittenden blvd,15-861,-77.6213774,43.1216231,,,29,67,1,1,1
859,2017-08-02 14:22:00,214,Collisions with other motor vehicles,Miscellaneous,03 - MVA with Vehicle,0,Non-Preventable,N,,769,Gillig,2007.0,,59.0,M,Straight and Level,Daylight,Clear,Dry,Address,Central Business District,2801 Crittenden Blvd,17-1036,-77.6239859,43.1215252,,,5,52,2,1,0
860,2018-03-08 16:18:00,276,Collisions with other motor vehicles,Miscellaneous,03 - MVA with Vehicle,0,Non-Preventable,N,,1613,New Flyer,2016.0,,39.0,M,Straight and Level,Daylight,Clear,Dry,Address,North Marketview Heights,85 Crittenden Blvd,18-301,-77.6212364,43.12145530000001,,,32,67,1,1,1
861,2016-03-02 16:44:00,154,Vehicle Passing,Vehicle cuts in and scrapes RGRTA on left side,03 - MVA with Vehicle,0,Non-Preventable,N,,526,Gillig,2009.0,,48.0,M,Straight and Level,Daylight,Clear,Dry,Address,Edgerton,1595 Mt Hope Avenue,16-313,-77.62081119999999,43.1189268,,,19,67,10,3,0
862,2016-11-01 13:25:00,207,Vehicle Following,RGRTA slows or stops for traffic signal changes,03 - MVA with Vehicle,0,Non-Preventable,N,,532,Gillig,2009.0,12.0,40.0,F,Straight and Level,Daylight,Clear,Dry,Address,0,2551 Monroe Avenue,16-1314,-77.55432499999999,43.1171308,,,11,111,9,2,0
863,2016-03-24 23:19:00,253,Collisions w/Other Objects,Miscellaneous,10 - Other,0,Non-Preventable,N,,1317,New Flyer,2012.0,3.0,62.0,M,Curve and Level,Dark,Rain,Wet,Address,Charlotte,Lac Deville BLVD and Montpelier Circle ( Brittany ,16-407,-77.5913291,43.1167619,,,2,5,0,0,0
864,2016-10-17 09:55:00,205,Collisions w/Other Objects,"Fixed object (lamp posts, poles, etc.)",04 - MVA with Fixed Object,Fixed Object,Preventable,Y,2016-10-25 00:00:00,508,Gillig,2009.0,6.0,56.0,M,Curve and Level,Daylight,Rain,Wet,Address,Beechwood,3818 Lac De Ville Blvd,16-1238,-77.5918755,43.1160699,,,2,24,1,1,0
865,2015-12-19 13:03:00,119,Vehicle Being Met and Passed,RGRTA cuts in and scrapes side of vehicle,03 - MVA with Vehicle,Encroachment,Preventable,Y,2016-10-19 00:00:00,524,Gillig,2009.0,5.0,53.0,M,Straight and Level,Daylight,Clear,Dry,Address,Central Business District,296 E Henrietta Rd,15-1819,-77.61628,43.1157921,,,49,65,41,2,0
866,2016-05-12 17:19:00,249,Vehicle Following,RGRTA slows or stops to load or discharge,03 - MVA with Vehicle,0,Non-Preventable,N,,548,Gillig,2009.0,,41.0,M,Straight and Grade,Daylight,Clear,Dry,Intersection,0,Chili Ave. @ Chestnut Ridge Rd.,16-603,-77.7293492,43.1154068,,,4,4,4,4,4
867,2017-08-21 13:00:00,76,Collisions w/Fixed Objects,Miscellaneous,04 - MVA with Fixed Object,0,Non-Preventable,N,,1602,New Flyer,2016.0,,50.0,M,Straight and Level,Daylight,Clear,Dry,Intersection,Maplewood,Westfall Rd  & Sawgrass Dr,17-1120,-77.6074393,43.1149831,,,4,11,2,2,2
868,2017-09-28 23:29:00,178,Collisions w/Fixed Objects,Miscellaneous,04 - MVA with Fixed Object,Fixed Object,Preventable,Y,2017-12-27 00:00:00,1403,New Flyer,2013.0,2.0,58.0,F,Straight and Level,Daylight,Cloudy,Dry,Intersection,Group 14621,Westfall Rd & Sawgrass Dr,17-1293,-77.6074393,43.1149831,,,4,11,2,2,2
869,2015-04-24 17:06:00,245,Collisions with other motor vehicles,Miscellaneous,03 - MVA with Vehicle,0,Non-Preventable,N,,1332,New Flyer,2012.0,,60.0,M,Straight and Level,Daylight,Clear,Dry,Address,Brown Square,1811 Mt Hope Ave,15-775,-77.6227469,43.1148184,,,26,87,23,20,0
870,2018-06-25 11:18:00,275,Collisions with other motor vehicles,Miscellaneous,03 - MVA with Vehicle,Front End,Preventable,Y,2018-09-06 00:00:00,370,New Flyer,2010.0,7.0,41.0,M,Straight and Level,Daylight,Clear,Dry,Intersection,Group 14621,E Henrietta Rd & Westfall Rd,18-783,-77.6162057,43.1146913,,,48,64,39,37,37
871,2017-06-19 16:13:00,69,Collisions with other motor vehicles,Miscellaneous,03 - MVA with Vehicle,Encroachment,Preventable,Y,,1413,New Flyer,2013.0,3.0,45.0,M,Straight and Level,Daylight,Cloudy,Dry,Address,Upper Falls,1821 Mt. Hope Avenue,17-764,-77.6228158,43.11466069999999,,,26,87,23,19,19
872,2015-07-30 07:45:00,201,Vehicle Passing,Vehicle cuts in and scrapes RGRTA on left side,03 - MVA with Vehicle,0,Non-Preventable,N,,370,New Flyer,2010.0,3.0,54.0,M,Straight and Level,Daylight,Cloudy,Wet,Intersection,19th Ward,Mt Hope Ave and Westfall Rd,15-1186,-77.6225839,43.114474,,,26,85,23,19,19
873,2016-04-26 16:15:00,146,Collisions with other motor vehicles,Miscellaneous,03 - MVA with Vehicle,Turning,Preventable,Y,2016-09-27 00:00:00,706,Gillig,2004.0,,64.0,M,Other,Daylight,Cloudy,Dry,Address,0,180 Sawgrass Dr.,16-530,-77.60903979999999,43.1140913,,,3,11,0,0,0