,accdate,Operator_ID,AccTypeCodeDescr,AccSubTypeCodeDescr,acctype,BAITFISH Code,AccPreventable,Retraining,RetrainingDate,vehbusno,vehmake,vehyear,VehNoOccupants,Drv_Age,CoDrvSex,Roadway,RoadwayLightConditions,RoadwayWeather,RoadwaySurface,Addr_Type,Neighborhood,LocAddr1,FileNumber,Longitude,Latitude,Unnamed: 25,Unnamed: 26,n_accidents_in_0.003,n_accidents_in_0.006,n_accidents_in_0.0015,n_accidents_in_0.00075,n_accidents_in_0.0005
1061,2018-07-26 06:38:00,298,Collisions with other motor vehicles,Miscellaneous,03 - MVA with Vehicle,0,Non-Preventable,N,,1811,New Flyer,2018.0,,47.0,M,Straight and Level,Daylight,Clear,Dry,,Central Business District,,18-895,0.0,0.0,,,0,0,0,0,0
1062,2018-07-20 13:59:00,412,Collisions w/Fixed Objects,Miscellaneous,04 - MVA with Fixed Object,Fixed Object,Preventable,Y,2018-09-07 00:00:00,1413,New Flyer,2013.0,,28.0,M,Straight and Level,Daylight,Clear,Dry,,0,,18-864,0.0,0.0,,,0,0,0,0,0
1063,2018-07-17 16:54:00,411,Collisions w/RGRTA vehicles (Bus to Bus),Miscellaneous,03 - MVA with Vehicle,Fixed Object,Preventable,Y,2018-09-05 00:00:00,1416,New Flyer,2013.0,,30.0,M,Curve and Level,"Dark, but Lighted",Clear,Dry,,Strong,,18-855,0.0,0.0,,,0,0,0,0,0
1064,2018-07-13 15:53:00,355,Vehicle Passing,Vehicle strikes RGRTA leaving passenger stop,03 - MVA with Vehicle,0,Non-Preventable,N,,1811,New Flyer,2018.0,,41.0,M,,,,,,0,,18-850,0.0,0.0,,,0,0,0,0,0
1065,2018-07-12 11:28:00,248,Vehicle Operating Ahead,Vehicle slows or stops for traffic signal changes,03 - MVA with Vehicle,Front End,Preventable,Y,2018-07-12 00:00:00,1320,New Flyer,2012.0,15.0,63.0,M,Straight and Level,Daylight,Clear,Dry,,Address,,18-844,0.0,0.0,,,0,0,0,0,0
1066,2018-07-10 13:22:00,283,Collisions with other motor vehicles,Miscellaneous,03 - MVA with Vehicle,0,Non-Preventable,N,,1414,New Flyer,2013.0,,41.0,M,Straight and Level,Daylight,Clear,Dry,,0,,18-833,0.0,0.0,,,0,0,0,0,0
1067,2018-05-24 15:20:00,289,Collisions with other motor vehicles,Miscellaneous,03 - MVA with Vehicle,0,Non-Preventable,N,,1610,NE / FL,2016.0,,51.0,M,Straight and Grade,Daylight,Clear,Dry,Rochester,East Avenue,,18-654,0.0,0.0,,,0,0,0,0,0
1068,2018-04-20 14:11:00,13,Collisions w/Fixed Objects,Miscellaneous,04 - MVA with Fixed Object,Fixed Object,Preventable,Y,2018-09-07 00:00:00,1305,New Flyer,2012.0,,56.0,M,None,Daylight,Clear,,14611,0,,18-492,0.0,0.0,,,0,0,0,0,0
1069,2018-03-26 14:41:00,60,Collisions w/RGRTA vehicles (Bus to Bus),Miscellaneous,03 - MVA with Vehicle,0,Non-Preventable,N,,907,Gillig,2011.0,,63.0,F,,,,,Rochester,Northland-Lyceum,,18-442,0.0,0.0,,,0,0,0,0,0
1070,2018-03-26 14:41:00,83,Collisions w/RGRTA vehicles (Bus to Bus),Miscellaneous,03 - MVA with Vehicle,Turning,Preventable,Y,2018-04-19 00:00:00,759,Gillig,2007.0,,49.0,M,Straight and Grade,Daylight,Clear,Dry,Rochester,19th Ward,,18-384,0.0,0.0,,,0,0,0,0,0
1071,2018-02-16 23:46:00,213,Collisions w/RGRTA vehicles (Bus to Bus),Miscellaneous,03 - MVA with Vehicle,Fixed Object,Preventable,Y,2018-04-19 00:00:00,1403,New Flyer,2013.0,,59.0,M,None,"Dark, but Lighted",Clear,,14604,0,,18-206,0.0,0.0,,,0,0,0,0,0
1072,2018-12-30 20:15:00,331,Thrown by movement of RGRTA stopping,Miscellaneous,06 - On Board Injury/Incident,Passenger,Preventable,Y,2019-04-01 00:00:00,1602,New Flyer,2016.0,,33.0,M,Straight and Level,Dark,Other,Other,,0,,18-1556,0.0,0.0,,,0,0,0,0,0
1073,2018-12-30 13:07:00,310,Vehicle Approaching From Angle,Vehicle approaches from left-both straight across,02 - MVA with Injuries,0,Non-Preventable,N,,1611,NE / FL,2016.0,,33.0,F,Curve and Level,Daylight,Cloudy,Wet,,Group 14621,,18-1555,0.0,0.0,,,0,0,0,0,0
1074,2018-12-30 05:42:00,254,Collisions with other motor vehicles,Miscellaneous,03 - MVA with Vehicle,0,Non-Preventable,N,,1620,NE / FL,2016.0,1.0,40.0,M,Straight and Level,"Dark, but Lighted",Snow,Snow,,Group 14621,,18-1554,0.0,0.0,,,0,0,0,0,0
1075,2018-12-27 20:12:00,388,Collisions with other motor vehicles,Miscellaneous,03 - MVA with Vehicle,0,Non-Preventable,N,,1323,New Flyer,2012.0,,28.0,M,Straight and Level,Dark,Clear,Dry,,Upper Falls,,18-1553,0.0,0.0,,,0,0,0,0,0
1076,2018-12-17 05:20:00,46,Collisions w/RGRTA vehicles (Bus to Bus),Miscellaneous,03 - MVA with Vehicle,Fixed Object,Preventable,Y,2018-12-17 00:00:00,911,,,,59.0,F,,,,,,0,,18-1508,0.0,0.0,,,0,0,0,0,0
1077,2018-12-17 00:57:00,318,Collisions w/Fixed Objects,Miscellaneous,04 - MVA with Fixed Object,General,Preventable,Y,,1329,New Flyer,2012.0,3.0,47.0,M,Straight and Level,"Dark, but Lighted",Clear,Wet,,Beechwood,,18-1507,0.0,0.0,,,0,0,0,0,0
1078,2018-12-07 12:00:00,342,Collisions w/RGRTA vehicles (Bus to Bus),Miscellaneous,03 - MVA with Vehicle,0,Non-Preventable,N,,1605,NE / FL,2016.0,,52.0,M,,,,,,0,,18-1506,0.0,0.0,,,0,0,0,0,0
1079,2018-12-11 06:39:00,193,Collisions with other motor vehicles,Miscellaneous,03 - MVA with Vehicle,0,Non-Preventable,N,,546,Gillig,2009.0,40.0,42.0,F,Straight and Level,"Dark, but Lighted",Clear,Dry,,0,,18-1495,0.0,0.0,,,0,0,0,0,0
1080,2018-12-11 06:25:00,195,Collisions with other motor vehicles,Miscellaneous,03 - MVA with Vehicle,0,Non-Preventable,N,,1332,New Flyer,2012.0,,64.0,M,Straight and Level,Dark,Clear,Dry,,0,,18-1494,0.0,0.0,,,0,0,0,0,0
1081,2018-12-10 14:36:00,351,Collisions with other motor vehicles,Miscellaneous,03 - MVA with Vehicle,0,Non-Preventable,N,,380,New Flyer,2013.0,,24.0,F,Curve and Grade,,,,,South Marketview Heights,,18-1492,0.0,0.0,,,0,0,0,0,0
1082,2018-12-09 18:06:00,337,Collisions with other motor vehicles,Miscellaneous,03 - MVA with Vehicle,Passing,Preventable,Y,2019-01-11 00:00:00,1291,New Flyer,2011.0,,32.0,M,Straight and Level,Dark,Other,Dry,,Northland-Lyceum,,18-1490,0.0,0.0,,,0,0,0,0,0
1083,2018-12-07 17:41:00,332,Collisions with other motor vehicles,Miscellaneous,03 - MVA with Vehicle,0,Non-Preventable,Y,,1328,New Flyer,2012.0,,42.0,M,Straight and Grade,Dark,Clear,Dry,,West Irondequoit,,18-1485,0.0,0.0,,,0,0,0,0,0
1084,2018-12-07 12:00:00,323,Collisions w/RGRTA vehicles (Bus to Bus),Miscellaneous,03 - MVA with Vehicle,Fixed Object,Preventable,Y,2019-01-16 00:00:00,1416,New Flyer,2013.0,,43.0,M,Curve and Level,Daylight,,Wet,,Central Business District,,18-1482,0.0,0.0,,,0,0,0,0,0
1085,2018-12-07 09:08:00,194,Collisions with other motor vehicles,Miscellaneous,03 - MVA with Vehicle,0,Non-Preventable,N,,1308,New Flyer,2012.0,12.0,49.0,M,Straight and Level,Daylight,Clear,Wet,,Beechwood,,18-1480,0.0,0.0,,,0,0,0,0,0
1086,2018-12-07 08:45:00,403,Collisions with other motor vehicles,Miscellaneous,03 - MVA with Vehicle,0,Non-Preventable,N,,1801,New Flyer XD40,2017.0,3.0,38.0,F,Straight and Level,Daylight,Clear,Wet,,0,,18-1479,0.0,0.0,,,0,0,0,0,0
1087,2018-12-06 18:45:00,27,Collisions w/Fixed Objects,Miscellaneous,04 - MVA with Fixed Object,0,Preventable,Y,2019-01-15 00:00:00,511,Gillig,2009.0,,63.0,M,Straight and Grade,,,,,Genesee-Jefferson,,18-1476,0.0,0.0,,,0,0,0,0,0
1088,2018-12-06 14:08:00,227,Collisions w/Fixed Objects,Miscellaneous,03 - MVA with Vehicle,Fixed Object,Preventable,Y,2019-01-14 00:00:00,1322,New Flyer,2012.0,,46.0,M,,,,,,Central Business District,,18-1473,0.0,0.0,,,0,0,0,0,0
1089,2018-12-04 07:55:00,338,Collisions w/RGRTA vehicles (Bus to Bus),Miscellaneous,03 - MVA with Vehicle,0,Non-Preventable,N,,1621,NE / FL,2016.0,,37.0,M,,,,,,0,,18-1472,0.0,0.0,,,0,0,0,0,0
1090,2018-12-04 13:13:00,228,Collisions with other motor vehicles,Miscellaneous,03 - MVA with Vehicle,0,Non-Preventable,N,,1604,NE FL,2016.0,26.0,46.0,M,Straight and Level,Daylight,Clear,Wet,,0,,18-1462,0.0,0.0,,,0,0,0,0,0
1091,2018-12-04 08:23:00,199,Collisions with other motor vehicles,Miscellaneous,03 - MVA with Vehicle,0,Non-Preventable,N,,752,Gillig,2007.0,6.0,45.0,F,Straight and Grade,Daylight,Snow,Ice,,Group 14621,,18-1461,0.0,0.0,,,0,0,0,0,0
1092,2018-12-04 07:55:00,83,Collisions w/RGRTA vehicles (Bus to Bus),Miscellaneous,03 - MVA with Vehicle,Fixed Object,Preventable,Y,2019-01-11 00:00:00,1413,New Flyer,2013.0,,50.0,M,Other,Daylight,Cloudy,,,0,,18-1460,0.0,0.0,,,0,0,0,0,0
1093,2018-12-02 00:40:00,398,Vehicle Operating Ahead,Vehicle slows or stops to make left turn,03 - MVA with Vehicle,0,Non-Preventable,N,,1295,New Flyer,2011.0,4.0,36.0,M,Straight with Hillcrest,"Dark, but Lighted",Rain,Wet,,0,,18-1443,0.0,0.0,,,0,0,0,0,0
1094,2018-11-28 08:25:00,218,RGRTA Passing Stationary Vehicle,RGRTA scrapes motor vehicle standing along right side,03 - MVA with Vehicle,Fixed Object,Preventable,Y,2019-01-14 00:00:00,1812,New Flyer XD40,2017.0,,46.0,F,,,,,,Swillburg,,18-1433,0.0,0.0,,,0,0,0,0,0
1095,2018-11-28 06:45:00,324,RGRTA Passing Stationary Vehicle,RGRTA scrapes motor vehicle standing along left side,03 - MVA with Vehicle,Weather,Preventable,Y,2019-01-14 00:00:00,771,Gillig,2007.0,25.0,40.0,M,Straight and Level,"Dark, but Lighted",Snow,Slush,,Central Business District,,18-1432,0.0,0.0,,,0,0,0,0,0
1096,2018-11-27 11:37:00,26,Collisions with other motor vehicles,Miscellaneous,03 - MVA with Vehicle,0,Non-Preventable,N,,1303,New Flyer,2012.0,6.0,69.0,F,Straight and Level,Daylight,Snow,Wet,,0,,18-1429,0.0,0.0,,,0,0,0,0,0
1097,2018-11-26 16:10:00,394,Vehicle Approaching From Angle,Miscellaneous,03 - MVA with Vehicle,0,Non-Preventable,N,,762,Gillig,2007.0,,37.0,M,,,,,,East Avenue,,18-1424,0.0,0.0,,,0,0,0,0,0
1098,2018-11-26 07:54:00,218,Collisions w/Fixed Objects,Miscellaneous,04 - MVA with Fixed Object,Fixed Object,Preventable,Y,2019-01-14 00:00:00,501,Gillig,2009.0,2.0,46.0,F,Straight and Level,Daylight,Rain,Wet,,East Irondequoit,,18-1416,0.0,0.0,,,0,0,0,0,0
1099,2018-11-23 17:32:00,319,Vehicle Operating Ahead,Vehicle slows or stops for traffic signal changes,03 - MVA with Vehicle,Front End,Preventable,Y,2018-12-27 00:00:00,759,Gillig,2007.0,,44.0,M,Straight and Level,Dark,Clear,Dry,,0,,18-1415,0.0,0.0,,,0,0,0,0,0
1100,2018-11-20 14:08:00,114,Vehicle Operating Ahead,Vehicle slows or stops for traffic signal changes,03 - MVA with Vehicle,Front End,Preventable,Y,2019-01-11 00:00:00,763,Gillig,2007.0,1.0,62.0,F,Straight and Level,Daylight,Clear,Dry,,Central Business District,,18-1412,0.0,0.0,,,0,0,0,0,0
1101,2018-11-15 07:42:00,167,Collisions w/RGRTA vehicles (Bus to Bus),Miscellaneous,04 - MVA with Fixed Object,0,Non-Preventable,N,,369,New Flyer,2010.0,,57.0,M,,,,,,Mayor's Heights,,18-1403,0.0,0.0,,,0,0,0,0,0
1102,2018-11-15 07:42:00,205,Collisions w/RGRTA vehicles (Bus to Bus),Miscellaneous,03 - MVA with Vehicle,Turning,Preventable,Y,2019-01-29 00:00:00,529,Gillig,2009.0,,58.0,M,Straight and Level,Daylight,Clear,Dry,,Strong,,18-1383,0.0,0.0,,,0,0,0,0,0
1103,2018-11-15 06:35:00,132,Collisions w/Fixed Objects,Miscellaneous,04 - MVA with Fixed Object,Fixed Object,Preventable,Y,2018-12-27 00:00:00,506,Gillig,2009.0,18.0,45.0,M,Straight and Level,Daylight,Clear,Dry,,Edgerton,,18-1373,0.0,0.0,,,0,0,0,0,0
1104,2018-11-13 15:38:00,238,RGRTA Passing Stationary Vehicle,RGRTA scrapes motor vehicle standing along left side,03 - MVA with Vehicle,Turning,Preventable,Y,2019-01-11 00:00:00,1604,NE FL,2016.0,,65.0,M,Other,Other,Clear,Dry,,0,,18-1370,0.0,0.0,,,0,0,0,0,0
1105,2018-11-12 17:37:00,323,Collisions with other motor vehicles,Miscellaneous,03 - MVA with Vehicle,Fixed Object,Preventable,Y,2019-01-16 00:00:00,920,Gillig,2011.0,,43.0,M,Curve with Hillcrest,Dark,Cloudy,Other,,Central Business District,,18-1366,0.0,0.0,,,0,0,0,0,0
1106,2018-11-09 09:43:00,294,Passenger On Board Thrown By RGRTA Movement,Miscellaneous,06 - On Board Injury/Incident,0,Non-Preventable,N,,385,New Flyer,2013.0,6.0,54.0,M,Straight and Level,Other,Cloudy,Wet,,Group 14621,,18-1351,0.0,0.0,,,0,0,0,0,0
1107,2018-11-06 15:29:00,131,Vehicle Approaching From Angle,Vehicle approaches from left-vehicle turns-RGRTA straight,02 - MVA with Injuries,Opposing,Preventable,Y,,903,Gillig,2011.0,,58.0,M,Straight and Level,Daylight,Clear,Wet,,Neighborhood of the Arts,,18-1339,0.0,0.0,,,0,0,0,0,0
1108,2018-11-05 10:15:00,283,Passenger On Board Thrown By RGRTA Movement,Miscellaneous,06 - On Board Injury/Incident,0,Non-Preventable,N,,1810,New Flyer XD40,2017.0,,41.0,M,Other,Daylight,Rain,Wet,,Beechwood,,18-1332,0.0,0.0,,,0,0,0,0,0
1109,2018-11-05 09:24:00,157,RGRTA Passing Moving Vehicle,Vehicle turns left in front of or into RGRTA,03 - MVA with Vehicle,0,Non-Preventable,N,,379,New Flyer,2013.0,15.0,45.0,M,Straight and Level,Daylight,Rain,Wet,,Beechwood,,18-1331,0.0,0.0,,,0,0,0,0,0
1110,2018-11-03 14:13:00,381,Collisions w/Fixed Objects,Miscellaneous,04 - MVA with Fixed Object,0,Preventable,Y,2019-01-11 00:00:00,1805,New Flyer XD40,2017.0,30.0,37.0,F,Straight and Level,Daylight,Cloudy,Dry,,Beechwood,,18-1323,0.0,0.0,,,0,0,0,0,0
1111,2018-10-29 12:38:00,87,Collisions with other motor vehicles,Miscellaneous,03 - MVA with Vehicle,0,Non-Preventable,N,,1401,New Flyer,2013.0,8.0,45.0,F,Straight and Level,Daylight,Cloudy,Dry,,0,,18-1305,0.0,0.0,,,0,0,0,0,0
1112,2018-10-28 15:28:00,393,Collisions w/Fixed Objects,Miscellaneous,04 - MVA with Fixed Object,Backing,Preventable,N,2018-12-27 00:00:00,550,Gillig,2009.0,,38.0,F,Straight and Level,Daylight,Cloudy,Dry,,Central Business District,,18-1298,0.0,0.0,,,0,0,0,0,0
1113,2018-10-26 12:45:00,340,Collisions with other motor vehicles,Miscellaneous,03 - MVA with Vehicle,0,Non-Preventable,N,,1327,New Flyer,2012.0,21.0,32.0,M,Straight and Level,Daylight,Clear,Dry,,Central Business District,,18-1295,0.0,0.0,,,0,0,0,0,0
1114,2018-10-24 09:13:00,86,Collisions with other motor vehicles,Miscellaneous,03 - MVA with Vehicle,0,Non-Preventable,N,,503,Gillig,2009.0,,45.0,M,Straight and Level,Daylight,Rain,Wet,,Central Business District,,18-1287,0.0,0.0,,,0,0,0,0,0
1115,2018-10-23 15:10:00,242,Collisions with other motor vehicles,Miscellaneous,03 - MVA with Vehicle,0,Non-Preventable,N,,518,Gillig,2009.0,,52.0,M,Straight and Grade,,,,,Mayor's Heights,,18-1286,0.0,0.0,,,0,0,0,0,0
1116,2018-10-22 08:00:00,73,Collisions with other motor vehicles,Miscellaneous,03 - MVA with Vehicle,0,Non-Preventable,N,,763,Gillig,2007.0,15.0,62.0,M,Straight and Level,Daylight,Cloudy,Dry,,Central Business District,,18-1270,0.0,0.0,,,0,0,0,0,0
1117,2018-10-20 11:45:00,356,Collisions with other motor vehicles,Miscellaneous,03 - MVA with Vehicle,0,Non-Preventable,N,,1809,New Flyer XD40,2017.0,,48.0,M,Straight and Grade,Daylight,Clear,Dry,,Group 14621,,18-1266,0.0,0.0,,,0,0,0,0,0
1118,2018-10-17 03:17:00,367,Collisions with other motor vehicles,Miscellaneous,03 - MVA with Vehicle,0,Non-Preventable,N,,1330,New Flyer,2012.0,,35.0,M,Straight and Grade,,,,,0,,18-1257,0.0,0.0,,,0,0,0,0,0
1119,2018-10-16 09:28:00,223,Collisions with other motor vehicles,Miscellaneous,03 - MVA with Vehicle,0,Non-Preventable,N,,1403,New Flyer,2013.0,7.0,36.0,F,Straight and Level,Daylight,Cloudy,Dry,,South Marketview Heights,,18-1238,0.0,0.0,,,0,0,0,0,0
1120,2018-10-13 00:12:00,399,Collisions with other motor vehicles,Miscellaneous,03 - MVA with Vehicle,0,Non-Preventable,N,,1611,NE / FL,2016.0,,30.0,F,Straight and Level,"Dark, but Lighted",Rain,Wet,,Beechwood,,18-1226,0.0,0.0,,,0,0,0,0,0
1121,2018-10-09 17:30:00,368,Non-Collision Incidents,Miscellaneous,06 - On Board Injury/Incident,0,Non-Preventable,N,,760,Gillig,2007.0,,48.0,F,Straight and Level,Daylight,Clear,Dry,,South Marketview Heights,,18-1216,0.0,0.0,,,0,0,0,0,0
1122,2018-10-08 08:23:00,276,Collisions with other motor vehicles,Miscellaneous,03 - MVA with Vehicle,0,Non-Preventable,N,,389,New Flyer,2013.0,15.0,40.0,M,Straight and Level,Daylight,Cloudy,Dry,,0,,18-1208,0.0,0.0,,,0,0,0,0,0
1123,2018-10-08 08:22:00,230,Collisions with other motor vehicles,Miscellaneous,03 - MVA with Vehicle,Fixed Object,Preventable,Y,2018-12-27 00:00:00,1401,New Flyer,2013.0,,49.0,M,Straight and Level,Daylight,Clear,Dry,,Edgerton,,18-1207,0.0,0.0,,,0,0,0,0,0
1124,2018-10-04 16:14:00,214,Collisions with other motor vehicles,Miscellaneous,03 - MVA with Vehicle,0,Non-Preventable,N,,1314,New Flyer,2012.0,9.0,60.0,M,Straight and Level,Daylight,Clear,Dry,,0,,18-1196,0.0,0.0,,,0,0,0,0,0
1125,2018-10-04 14:07:00,139,Collisions with other motor vehicles,Miscellaneous,03 - MVA with Vehicle,0,Non-Preventable,N,,917,Gillig,2011.0,,62.0,M,Straight and Grade,Daylight,Clear,Dry,,0,,18-1195,0.0,0.0,,,0,0,0,0,0
1126,2018-10-04 06:00:00,101,Collisions w/Fixed Objects,Miscellaneous,04 - MVA with Fixed Object,General,Preventable,Y,2019-01-14 00:00:00,1417,New Flyer,2013.0,,51.0,M,Straight and Level,"Dark, but Lighted",Clear,Dry,,0,,18-1185,0.0,0.0,,,0,0,0,0,0
1127,2018-10-01 15:43:00,267,Collisions with other motor vehicles,Miscellaneous,03 - MVA with Vehicle,Encroachment,Preventable,Y,2018-10-30 00:00:00,764,Gillig,2007.0,26.0,51.0,M,Straight and Level,Daylight,Clear,Dry,,0,,18-1179,0.0,0.0,,,0,0,0,0,0
1128,2018-10-01 07:38:00,388,Collisions with other motor vehicles,Miscellaneous,03 - MVA with Vehicle,0,Non-Preventable,N,,1620,NE / FL,2016.0,20.0,28.0,M,Straight and Level,Daylight,Rain,Wet,,East Avenue,,18-1164,0.0,0.0,,,0,0,0,0,0
1129,2018-09-30 15:21:00,361,Collisions w/Fixed Objects,Miscellaneous,04 - MVA with Fixed Object,Fixed Object,Preventable,Y,2018-10-12 00:00:00,1609,NE / FL,2016.0,,49.0,M,Other,Daylight,Fog,Dry,,East Avenue,,18-1163,0.0,0.0,,,0,0,0,0,0
1130,2018-09-29 13:45:00,292,Collisions w/Fixed Objects,Miscellaneous,04 - MVA with Fixed Object,Fixed Object,Preventable,Y,2018-10-10 00:00:00,1402,New Flyer,2013.0,,31.0,F,Other,,,,,0,,18-1162,0.0,0.0,,,0,0,0,0,0
1131,2018-09-26 11:27:00,302,Collisions with other motor vehicles,Miscellaneous,03 - MVA with Vehicle,0,Non-Preventable,N,,375,New Flyer,2013.0,16.0,39.0,F,Straight and Level,Daylight,Rain,Wet,,0,,18-1147,0.0,0.0,,,0,0,0,0,0
1132,2018-09-25 08:34:00,40,Collisions with other motor vehicles,Miscellaneous,03 - MVA with Vehicle,0,Non-Preventable,N,,385,New Flyer,2013.0,,57.0,F,Straight and Level,Daylight,Rain,Wet,,Charlotte,,18-1142,0.0,0.0,,,0,0,0,0,0
1133,2018-09-21 08:07:00,1,Collisions with other motor vehicles,Miscellaneous,03 - MVA with Vehicle,0,Non-Preventable,N,,1410,New Flyer,201.0,4.0,69.0,M,Straight and Level,Daylight,Clear,Dry,,Mayor's Heights,,18-1127,0.0,0.0,,,0,0,0,0,0
1134,2018-09-20 18:40:00,45,Collisions w/RGRTA vehicles (Bus to Bus),Miscellaneous,03 - MVA with Vehicle,0,Non-Preventable,N,,1807,New Flyer XD40,2017.0,,56.0,F,,,,,,Upper Falls,,18-1126,0.0,0.0,,,0,0,0,0,0
1135,2018-09-20 15:02:00,222,Passenger On Board Thrown By RGRTA Movement,Miscellaneous,06 - On Board Injury/Incident,Passenger,Preventable,Y,2019-01-10 00:00:00,379,New Flyer,2013.0,,68.0,M,,Daylight,Clear,Dry,,United Neighbors Together,,18-1125,0.0,0.0,,,0,0,0,0,0
1136,2018-09-18 14:23:00,402,Passenger On Board Thrown By RGRTA Movement,"Passenger seated, being seated or rising from seat",06 - On Board Injury/Incident,0,Non-Preventable,N,,377,New Flyer,2013.0,,40.0,F,Straight and Level,Daylight,Clear,Dry,,0,,18-1121,0.0,0.0,,,0,0,0,0,0
1137,2018-09-18 16:36:00,305,Collisions w/Fixed Objects,Miscellaneous,03 - MVA with Vehicle,Fixed Object,Preventable,Y,2018-11-05 00:00:00,528,Gillig,2009.0,,47.0,F,,,,,,0,,18-1115,0.0,0.0,,,0,0,0,0,0
1138,2018-09-14 19:38:00,404,Collisions with other motor vehicles,Miscellaneous,03 - MVA with Vehicle,0,Non-Preventable,N,,772,Gillig,2007.0,,43.0,F,Straight and Level,Daylight,Clear,Dry,,Central Business District,,18-1101,0.0,0.0,,,0,0,0,0,0
1139,2018-09-14 06:20:00,214,Collisions w/Fixed Objects,Miscellaneous,04 - MVA with Fixed Object,Fixed Object,Preventable,Y,2018-10-02 00:00:00,536,Gillig,2009.0,0.0,60.0,M,Straight and Level,"Dark, but Lighted",Clear,Dry,,Strong,,18-1097,0.0,0.0,,,0,0,0,0,0
1140,2018-09-13 18:20:00,137,Collisions w/RGRTA vehicles (Bus to Bus),Miscellaneous,03 - MVA with Vehicle,Fixed Object,Preventable,Y,2018-10-15 00:00:00,1401,New Flyer,2013.0,12.0,62.0,F,Straight and Level,Daylight,Clear,Dry,,Central Business District,,18-1095,0.0,0.0,,,0,0,0,0,0
1141,2018-09-13 09:58:00,40,Collisions with other motor vehicles,Miscellaneous,02 - MVA with Injuries,0,Non-Preventable,N,,372,New Flyer,2013.0,15.0,57.0,F,Straight and Level,Daylight,Clear,Dry,,Central Business District,,18-1093,0.0,0.0,,,0,0,0,0,0
1142,2018-09-12 14:09:00,329,Collisions with other motor vehicles,Miscellaneous,03 - MVA with Vehicle,0,Non-Preventable,N,,501,Gillig,2009.0,,39.0,M,Straight and Level,Daylight,Cloudy,Dry,,0,,18-1082,0.0,0.0,,,0,0,0,0,0
1143,2018-09-11 15:38:00,189,Collisions with other motor vehicles,Miscellaneous,03 - MVA with Vehicle,0,Non-Preventable,N,,1331,New Flyer,2012.0,,62.0,M,Straight and Level,Daylight,Cloudy,Dry,,0,,18-1080,0.0,0.0,,,0,0,0,0,0
1144,2018-09-10 17:51:00,375,Collisions w/Fixed Objects,Miscellaneous,04 - MVA with Fixed Object,Fixed Object,Preventable,Y,2018-10-02 00:00:00,1814,New Flyer XD40,2017.0,,28.0,M,Straight and Level,Daylight,Cloudy,Wet,,North Winton Village,,18-1074,0.0,0.0,,,0,0,0,0,0
1145,2018-09-10 13:22:00,398,Collisions w/Fixed Objects,Miscellaneous,04 - MVA with Fixed Object,Backing,Preventable,Y,2018-10-12 00:00:00,377,New Flyer,2013.0,,36.0,M,Curve and Grade,Daylight,Rain,Wet,,Maplewood,,18-1072,0.0,0.0,,,0,0,0,0,0
1146,2018-09-08 10:12:00,335,RGRTA Passing Stationary Vehicle,RGRTA scrapes motor vehicle standing along right side,03 - MVA with Vehicle,Fixed Object,Preventable,Y,2018-10-03 00:00:00,1603,NE / FL,2016.0,,54.0,M,Straight and Grade,Daylight,Clear,Dry,,0,,18-1059,0.0,0.0,,,0,0,0,0,0
1147,2018-09-07 15:35:00,342,Collisions with other motor vehicles,Miscellaneous,03 - MVA with Vehicle,Turning,Preventable,Y,2018-10-05 00:00:00,505,Gillig,2009.0,,52.0,M,Straight and Level,Daylight,Clear,Dry,,0,,18-1057,0.0,0.0,,,0,0,0,0,0
1148,2018-09-05 13:58:00,179,Collisions with other motor vehicles,Miscellaneous,03 - MVA with Vehicle,0,Non-Preventable,N,,906,Gillig,2011.0,,42.0,F,Straight and Level,Daylight,Cloudy,Dry,,0,,18-1040,0.0,0.0,,,0,0,0,0,0
1149,2018-08-30 16:15:00,359,Collisions with other motor vehicles,Miscellaneous,03 - MVA with Vehicle,0,Non-Preventable,N,,906,Gillig,2011.0,,47.0,M,Straight and Level,Daylight,Clear,Dry,,Central Business District,,18-1028,0.0,0.0,,,0,0,0,0,0
1150,2018-08-29 18:33:00,61,Collisions with other motor vehicles,Miscellaneous,03 - MVA with Vehicle,0,Non-Preventable,N,,386,New Flyer,2013.0,,55.0,M,Straight with Hillcrest,Daylight,Rain,Wet,,0,,18-1023,0.0,0.0,,,0,0,0,0,0
1151,2018-08-28 17:38:00,336,RGRTA Passing Stationary Vehicle,RGRTA scrapes motor vehicle standing along right side,03 - MVA with Vehicle,Fixed Object,Preventable,Y,2018-10-02 00:00:00,1304,New Flyer,2012.0,,51.0,F,Straight and Level,Daylight,Clear,Dry,,Central Business District,,18-1020,0.0,0.0,,,0,0,0,0,0
1152,2018-08-28 16:49:00,118,Collisions with other motor vehicles,Miscellaneous,03 - MVA with Vehicle,0,Non-Preventable,N,,1321,New Flyer,2012.0,,55.0,M,Curve and Level,Daylight,Clear,Dry,,Central Business District,,18-1018,0.0,0.0,,,0,0,0,0,0
1153,2018-08-27 07:32:00,92,Collisions with other motor vehicles,Miscellaneous,03 - MVA with Vehicle,0,Non-Preventable,N,,1608,NE / FL,2016.0,3.0,62.0,M,Straight and Level,Daylight,Cloudy,Dry,,0,,18-1006,0.0,0.0,,,0,0,0,0,0
1154,2018-08-23 17:45:00,272,Collisions with other motor vehicles,Miscellaneous,02 - MVA with Injuries,0,Non-Preventable,N,,920,Gillig,2011.0,,47.0,M,Straight and Grade,Daylight,Clear,Dry,,Beechwood,,18-1001,0.0,0.0,,,0,0,0,0,0
1155,2017-06-21 09:50:00,299,Collisions with other motor vehicles,Miscellaneous,03 - MVA with Vehicle,Fixed Object,Preventable,Y,2017-09-07 00:00:00,361,New Flyer,2010.0,,50.0,M,None,Daylight,Clear,,,0,,17-779,0.0,0.0,,,0,0,0,0,0
1156,2017-04-14 21:06:00,66,Vehicle Passing,Miscellaneous,02 - MVA with Injuries,0,Non-Preventable,N,,767,,,,58.0,M,Straight and Level,"Dark, but Lighted",Clear,Dry,Rochester,Park Avenue,,17-333,0.0,0.0,,,0,0,0,0,0
1157,2015-05-18 19:51:00,284,Collisions w/RGRTA vehicles (Bus to Bus),Miscellaneous,03 - MVA with Vehicle,Fixed Object,Preventable,Y,2015-08-11 00:00:00,1307,New Flyer,2012.0,,30.0,M,,Dusk,Cloudy,,14609,Central Business District,,15-892,0.0,0.0,,,0,0,0,0,0
1158,2014-11-18 08:39:00,80,Thrown by movement of RGRTA stopping,"Passenger seated, being seated or rising from seat",06 - On Board Injury/Incident,Passenger,Preventable,Y,2015-01-06 00:00:00,547,Gillig,2009.0,,53.0,M,,,Clear,Slush,Address,0,,14-1261,0.0,0.0,,,0,0,0,0,0